,Date,High,Low,Open,Close,Volume,Adj Close
0,2019-01-02,82.06999969482422,81.16000366210938,81.44000244140625,81.63999938964844,2208000.0,77.756591796875
1,2019-01-03,81.43000030517578,80.20999908447266,81.2300033569336,80.30000305175781,3034900.0,76.4803237915039
2,2019-01-04,82.8499984741211,81.2300033569336,81.37999725341797,82.66999816894531,3061600.0,78.73759460449219
3,2019-01-07,83.29000091552734,82.12000274658203,82.12000274658203,82.54000091552734,4135800.0,78.61376953125
4,2019-01-08,83.5199966430664,81.62999725341797,83.23999786376953,82.52999877929688,2627500.0,78.60426330566406
5,2019-01-09,83.80000305175781,82.98999786376953,82.98999786376953,83.16000366210938,3309900.0,79.20428466796875
6,2019-01-10,83.62000274658203,82.77999877929688,83.12999725341797,83.54000091552734,1617900.0,79.56620025634766
7,2019-01-11,83.8499984741211,82.5999984741211,83.11000061035156,83.44999694824219,1821700.0,79.48048400878906
8,2019-01-14,83.98999786376953,82.95999908447266,83.02999877929688,83.80000305175781,1868000.0,79.81385040283203
9,2019-01-15,84.48999786376953,83.62999725341797,84.16000366210938,84.2300033569336,2553900.0,80.223388671875
10,2019-01-16,85.12999725341797,84.20999908447266,84.56999969482422,84.54000091552734,2727500.0,80.51863861083984
11,2019-01-17,84.9000015258789,84.20999908447266,84.41000366210938,84.56999969482422,3475800.0,80.5472183227539
12,2019-01-18,85.93000030517578,84.5999984741211,84.93000030517578,85.69999694824219,5067500.0,81.62345886230469
13,2019-01-22,86.41999816894531,85.3499984741211,85.41999816894531,85.86000061035156,3783400.0,81.7758560180664
14,2019-01-23,86.4800033569336,84.66000366210938,86.01000213623047,85.88999938964844,1804200.0,81.8044204711914
15,2019-01-24,86.58000183105469,85.44000244140625,85.83000183105469,86.25,2086600.0,82.14730834960938
16,2019-01-25,86.93000030517578,85.94999694824219,86.58000183105469,86.1500015258789,1735700.0,82.05205535888672
17,2019-01-28,86.54000091552734,85.55000305175781,85.9000015258789,86.48999786376953,2195000.0,82.3758773803711
18,2019-01-29,87.19999694824219,86.41000366210938,86.41000366210938,86.77999877929688,2383900.0,82.65208435058594
19,2019-01-30,87.7300033569336,86.12999725341797,86.86000061035156,87.33999633789062,2221600.0,83.1854476928711
20,2019-01-31,88.05000305175781,86.80999755859375,86.83999633789062,87.87000274658203,1720000.0,83.69025421142578
21,2019-02-01,88.87999725341797,88.0,88.30000305175781,88.81999969482422,1967200.0,84.59506225585938
22,2019-02-04,88.97000122070312,88.26000213623047,88.80000305175781,88.80000305175781,2119600.0,84.57600402832031
23,2019-02-05,89.16000366210938,88.44999694824219,89.0,88.95999908447266,2143200.0,84.7283935546875
24,2019-02-06,92.66999816894531,90.0,90.88999938964844,92.55999755859375,4553500.0,88.15714263916016
25,2019-02-07,93.22000122070312,91.37999725341797,92.41999816894531,92.33000183105469,4812400.0,87.93807220458984
26,2019-02-08,92.5199966430664,91.12000274658203,91.91000366210938,92.45999908447266,2477200.0,88.0619125366211
27,2019-02-11,92.80999755859375,91.5199966430664,92.80999755859375,92.52999877929688,2420500.0,88.12857818603516
28,2019-02-12,93.54000091552734,92.83000183105469,93.0199966430664,92.91000366210938,2242500.0,88.49051666259766
29,2019-02-13,94.88999938964844,93.0999984741211,93.19999694824219,94.0,2412800.0,89.52864837646484
30,2019-02-14,93.94999694824219,92.79000091552734,93.55999755859375,93.2300033569336,1831800.0,88.79527282714844
31,2019-02-15,94.56999969482422,93.97000122070312,94.08000183105469,94.37999725341797,1571500.0,89.89057922363281
32,2019-02-19,94.98999786376953,93.8499984741211,94.04000091552734,94.62000274658203,2940100.0,90.1191635131836
33,2019-02-20,95.33999633789062,94.30000305175781,94.76000213623047,95.05999755859375,2124400.0,90.5382308959961
34,2019-02-21,95.33999633789062,94.23999786376953,95.16000366210938,94.62999725341797,1688700.0,90.12867736816406
35,2019-02-22,94.94000244140625,94.3499984741211,94.7699966430664,94.56999969482422,1371000.0,90.071533203125
36,2019-02-25,95.43000030517578,94.62000274658203,95.0,94.9000015258789,1703800.0,90.38585662841797
37,2019-02-26,95.19999694824219,94.05000305175781,94.69999694824219,94.08999633789062,2155700.0,89.61436462402344
38,2019-02-27,94.2699966430664,93.29000091552734,93.36000061035156,93.9800033569336,1751600.0,89.98780059814453
39,2019-02-28,94.62000274658203,93.79000091552734,94.0999984741211,94.37999725341797,1981300.0,90.37081146240234
40,2019-03-01,95.33000183105469,94.30999755859375,94.7699966430664,95.01000213623047,1605600.0,90.97404479980469
41,2019-03-04,95.5,93.55000305175781,95.19000244140625,94.19999694824219,1970500.0,90.19845581054688
42,2019-03-05,94.45999908447266,93.5199966430664,94.44999694824219,94.0,1831600.0,90.00695037841797
43,2019-03-06,94.44000244140625,93.33000183105469,93.95999908447266,93.52999877929688,1493300.0,89.55691528320312
44,2019-03-07,93.80000305175781,92.86000061035156,93.27999877929688,93.23999786376953,1949000.0,89.27922821044922
45,2019-03-08,93.38999938964844,92.23999786376953,92.56999969482422,93.30000305175781,1416100.0,89.33670043945312
46,2019-03-11,94.16000366210938,93.38999938964844,93.55000305175781,94.11000061035156,1980300.0,90.1122817993164
47,2019-03-12,94.75,93.86000061035156,94.33000183105469,94.06999969482422,2109500.0,90.073974609375
48,2019-03-13,94.38999938964844,93.45999908447266,94.29000091552734,93.55000305175781,2302400.0,89.5760726928711
49,2019-03-14,94.4000015258789,93.41000366210938,93.41999816894531,93.8499984741211,1851000.0,89.86331939697266
50,2019-03-15,95.19999694824219,93.66000366210938,93.66000366210938,94.83999633789062,4428100.0,90.81126403808594
51,2019-03-18,95.61000061035156,94.88999938964844,95.23999786376953,95.0199966430664,2247800.0,90.9836196899414
52,2019-03-19,95.55000305175781,93.97000122070312,95.12000274658203,94.20999908447266,1642300.0,90.20802307128906
53,2019-03-20,94.30999755859375,93.04000091552734,94.16999816894531,93.04000091552734,2543000.0,89.08773040771484
54,2019-03-21,94.93000030517578,92.51000213623047,93.0,94.58999633789062,1950100.0,90.57189178466797
55,2019-03-22,94.91999816894531,93.88999938964844,94.33000183105469,94.16999816894531,1524200.0,90.16973876953125
56,2019-03-25,94.80000305175781,93.81999969482422,94.36000061035156,93.98999786376953,1386400.0,89.99737548828125
57,2019-03-26,94.62999725341797,93.69999694824219,94.08000183105469,94.0999984741211,1769600.0,90.10270690917969
58,2019-03-27,94.56999969482422,93.66999816894531,94.05000305175781,94.1500015258789,1349300.0,90.15058135986328
59,2019-03-28,94.9000015258789,93.25,94.41999816894531,93.94000244140625,1380000.0,89.94949340820312
60,2019-03-29,94.45999908447266,93.66999816894531,94.43000030517578,94.18000030517578,2085200.0,90.17930603027344
61,2019-04-01,95.55000305175781,94.45999908447266,94.5199966430664,95.08999633789062,1536700.0,91.05064392089844
62,2019-04-02,95.43000030517578,94.75,95.36000061035156,94.80999755859375,1605300.0,90.78254699707031
63,2019-04-03,95.87000274658203,94.45999908447266,95.25,95.63999938964844,2522100.0,91.57728576660156
64,2019-04-04,96.26000213623047,95.43000030517578,95.43000030517578,96.06999969482422,1549800.0,91.98902130126953
65,2019-04-05,97.12000274658203,95.98999786376953,96.44000244140625,96.30999755859375,1411600.0,92.21882629394531
66,2019-04-08,96.26000213623047,94.19999694824219,95.66999816894531,94.87000274658203,1572000.0,90.83999633789062
67,2019-04-09,94.9000015258789,94.08000183105469,94.41000366210938,94.36000061035156,1079500.0,90.3516616821289
68,2019-04-10,95.05000305175781,94.25,94.58000183105469,95.0,1431700.0,90.9644775390625
69,2019-04-11,95.9000015258789,95.12000274658203,95.25,95.80999755859375,1168700.0,91.74007415771484
70,2019-04-12,97.0999984741211,96.19000244140625,96.30999755859375,97.01000213623047,1416000.0,92.88909149169922
71,2019-04-15,97.18000030517578,96.20999908447266,97.0199966430664,96.4000015258789,930000.0,92.30499267578125
72,2019-04-16,98.23999786376953,96.5999984741211,96.75,98.19000244140625,1768600.0,94.01895904541016
73,2019-04-17,98.5,97.19000244140625,98.33000183105469,97.43000030517578,1337200.0,93.29124450683594
74,2019-04-18,98.27999877929688,96.69999694824219,97.33999633789062,96.72000122070312,2533100.0,92.61139678955078
75,2019-04-22,97.12000274658203,96.02999877929688,96.23999786376953,97.06999969482422,1049400.0,92.94654083251953
76,2019-04-23,97.61000061035156,96.52999877929688,96.75,97.29000091552734,1754300.0,93.1572036743164
77,2019-04-24,97.44000244140625,96.37999725341797,97.08000183105469,96.41000366210938,1765000.0,92.31458282470703
78,2019-04-25,96.87000274658203,95.5199966430664,96.04000091552734,96.47000122070312,1483200.0,92.37203216552734
79,2019-04-26,97.52999877929688,96.37000274658203,96.55999755859375,97.41000366210938,1218500.0,93.2720947265625
80,2019-04-29,98.26000213623047,97.54000091552734,97.54000091552734,97.76000213623047,1174200.0,93.60723114013672
81,2019-04-30,99.13999938964844,97.73999786376953,97.9000015258789,99.05999755859375,1759600.0,94.85200500488281
82,2019-05-01,99.8499984741211,98.0,99.05000305175781,98.0,2089700.0,93.8370361328125
83,2019-05-02,100.0,97.18000030517578,98.9800033569336,98.29000091552734,1949200.0,94.11473083496094
84,2019-05-03,99.0,97.13999938964844,98.68000030517578,98.58000183105469,2028500.0,94.39240264892578
85,2019-05-06,98.18000030517578,96.9000015258789,97.51000213623047,97.68000030517578,1619800.0,93.53062438964844
86,2019-05-07,97.80000305175781,95.26000213623047,97.25,95.66000366210938,2222400.0,91.59644317626953
87,2019-05-08,96.19999694824219,94.81999969482422,95.25,95.31999969482422,2123500.0,91.27088165283203
88,2019-05-09,95.08999633789062,93.9800033569336,94.68000030517578,94.38999938964844,2007700.0,90.38037872314453
89,2019-05-10,96.51000213623047,93.94999694824219,94.01000213623047,96.37999725341797,1883900.0,92.28585815429688
90,2019-05-13,95.33999633789062,93.54000091552734,95.22000122070312,94.08000183105469,1350200.0,90.08356475830078
91,2019-05-14,95.7300033569336,93.93000030517578,93.94999694824219,94.73999786376953,2301500.0,90.71551513671875
92,2019-05-15,96.08999633789062,94.43000030517578,94.43000030517578,95.48999786376953,1851100.0,91.43366241455078
93,2019-05-16,96.73999786376953,95.5,95.5999984741211,95.87000274658203,1950700.0,91.79753112792969
94,2019-05-17,96.27999877929688,95.0199966430664,95.0199966430664,95.63999938964844,1416300.0,91.57728576660156
95,2019-05-20,96.4800033569336,95.44000244140625,95.52999877929688,95.94000244140625,1236800.0,91.86454010009766
96,2019-05-21,97.0,95.80999755859375,96.4000015258789,96.91000366210938,1865300.0,92.79332733154297
97,2019-05-22,97.3499984741211,96.08999633789062,96.69000244140625,97.08999633789062,1876200.0,92.96569061279297
98,2019-05-23,96.5,95.45999908447266,96.48999786376953,95.9800033569336,1316200.0,91.90284729003906
99,2019-05-24,96.5,95.7699966430664,96.2300033569336,96.37000274658203,1049600.0,92.27628326416016
100,2019-05-28,96.88999938964844,95.0199966430664,96.31999969482422,95.08999633789062,1894700.0,91.05064392089844
101,2019-05-29,96.37999725341797,95.26000213623047,95.9000015258789,96.2300033569336,1828700.0,92.14222717285156
102,2019-05-30,96.4000015258789,95.43000030517578,96.08000183105469,95.88999938964844,1395800.0,92.29622650146484
103,2019-05-31,95.73999786376953,94.81999969482422,94.93000030517578,95.51000213623047,1403100.0,91.93047332763672
104,2019-06-03,96.95999908447266,95.2699966430664,95.33000183105469,96.7699966430664,2059800.0,93.14323425292969
105,2019-06-04,98.05999755859375,97.13999938964844,97.5999984741211,97.87999725341797,1747300.0,94.21163940429688
106,2019-06-05,99.5,97.80999755859375,97.91000366210938,99.33000183105469,2047100.0,95.6072998046875
107,2019-06-06,99.66999816894531,98.94999694824219,99.41999816894531,99.5,1771600.0,95.77093505859375
108,2019-06-07,101.12000274658203,99.52999877929688,99.58000183105469,100.72000122070312,2270300.0,96.94520568847656
109,2019-06-10,101.26000213623047,100.54000091552734,101.0199966430664,100.79000091552734,1583600.0,97.01258850097656
110,2019-06-11,101.37000274658203,99.7300033569336,101.05000305175781,100.43000030517578,1488100.0,96.66607666015625
111,2019-06-12,101.16000366210938,100.33000183105469,100.55000305175781,100.61000061035156,1127700.0,96.83932495117188
112,2019-06-13,101.25,100.37000274658203,100.69000244140625,101.0999984741211,1881200.0,97.31095886230469
113,2019-06-14,102.4800033569336,101.16000366210938,101.18000030517578,102.13999938964844,1019400.0,98.31199645996094
114,2019-06-17,102.30000305175781,101.05000305175781,102.25,101.27999877929688,1295000.0,97.48421478271484
115,2019-06-18,102.05000305175781,101.06999969482422,101.30000305175781,101.87000274658203,1467300.0,98.05211639404297
116,2019-06-19,103.02999877929688,102.05000305175781,102.05000305175781,102.76000213623047,2555300.0,98.90874481201172
117,2019-06-20,103.98999786376953,102.5999984741211,102.98999786376953,103.55000305175781,2870900.0,99.66914367675781
118,2019-06-21,103.48999786376953,100.93000030517578,103.33000183105469,101.20999908447266,2704700.0,97.41683197021484
119,2019-06-24,102.56999969482422,101.11000061035156,101.1500015258789,102.19000244140625,1197500.0,98.36011505126953
120,2019-06-25,102.44000244140625,101.61000061035156,102.30000305175781,101.61000061035156,1890200.0,97.8018569946289
121,2019-06-26,101.72000122070312,99.37999725341797,101.62000274658203,99.48999786376953,1850200.0,95.76129913330078
122,2019-06-27,100.3499984741211,99.58000183105469,99.94999694824219,100.13999938964844,1074900.0,96.3869400024414
123,2019-06-28,101.73999786376953,100.73999786376953,100.87000274658203,101.69000244140625,1756000.0,97.87884521484375
124,2019-07-01,103.19999694824219,101.91000366210938,102.9800033569336,103.1500015258789,1418000.0,99.28413391113281
125,2019-07-02,103.56999969482422,102.5999984741211,102.95999908447266,103.2699966430664,1437100.0,99.3996353149414
126,2019-07-03,107.43000030517578,103.2699966430664,103.2699966430664,104.62999725341797,1090800.0,100.70865631103516
127,2019-07-05,104.69000244140625,103.55999755859375,104.62999725341797,104.48999786376953,1074000.0,100.57391357421875
128,2019-07-08,104.66999816894531,104.02999877929688,104.31999969482422,104.37999725341797,1251600.0,100.46803283691406
129,2019-07-09,104.80000305175781,104.01000213623047,104.11000061035156,104.66000366210938,1321900.0,100.73755645751953
130,2019-07-10,105.26000213623047,103.80999755859375,104.61000061035156,104.26000213623047,1125200.0,100.3525390625
131,2019-07-11,103.80999755859375,102.29000091552734,103.3499984741211,103.1500015258789,1767300.0,99.28413391113281
132,2019-07-12,103.93000030517578,102.88999938964844,103.3499984741211,103.91000366210938,979400.0,100.01566314697266
133,2019-07-15,104.38999938964844,103.61000061035156,104.0199966430664,104.38999938964844,1263800.0,100.47765350341797
134,2019-07-16,104.91999816894531,104.2300033569336,104.5199966430664,104.8499984741211,1161000.0,100.92041015625
135,2019-07-17,104.68000030517578,102.45999908447266,104.68000030517578,102.94000244140625,1402100.0,99.08200073242188
136,2019-07-18,103.37999725341797,102.43000030517578,102.93000030517578,103.19999694824219,1205900.0,99.3322525024414
137,2019-07-19,103.33000183105469,101.36000061035156,103.33000183105469,101.41000366210938,1294700.0,97.60935974121094
138,2019-07-22,101.97000122070312,101.06999969482422,101.33999633789062,101.20999908447266,1008700.0,97.41683197021484
139,2019-07-23,101.61000061035156,100.43000030517578,101.19999694824219,101.51000213623047,1257500.0,97.70559692382812
140,2019-07-24,102.16000366210938,100.88999938964844,101.4800033569336,102.08000183105469,1017300.0,98.25423431396484
141,2019-07-25,102.43000030517578,101.68000030517578,102.23999786376953,102.04000091552734,1034900.0,98.21573638916016
142,2019-07-26,102.9800033569336,101.5199966430664,102.05999755859375,102.93000030517578,893600.0,99.07237243652344
143,2019-07-29,103.44999694824219,101.72000122070312,103.0,101.80999755859375,1407600.0,97.99435424804688
144,2019-07-30,102.5,101.2300033569336,101.5,101.83000183105469,1265000.0,98.01360321044922
145,2019-07-31,109.12999725341797,105.29000091552734,105.29000091552734,107.4000015258789,3523900.0,103.3748550415039
146,2019-08-01,107.83999633789062,104.27999877929688,107.69000244140625,104.87999725341797,2090800.0,100.94929504394531
147,2019-08-02,105.05999755859375,103.31999969482422,104.68000030517578,104.51000213623047,1727200.0,100.59317779541016
148,2019-08-05,104.05999755859375,101.33000183105469,103.69000244140625,101.77999877929688,1853100.0,97.9654769897461
149,2019-08-06,103.9000015258789,101.31999969482422,101.88999938964844,103.87000274658203,1913800.0,99.9771499633789
150,2019-08-07,104.33999633789062,100.83999633789062,102.48999786376953,103.33000183105469,1771400.0,99.45738983154297
151,2019-08-08,105.58999633789062,103.56999969482422,103.9800033569336,105.30000305175781,1462400.0,101.35356140136719
152,2019-08-09,105.30999755859375,103.16000366210938,105.0999984741211,104.08999633789062,1984700.0,100.18889617919922
153,2019-08-12,104.73999786376953,102.58000183105469,103.76000213623047,102.8499984741211,1027900.0,98.99537658691406
154,2019-08-13,104.87999725341797,102.04000091552734,102.52999877929688,104.44000244140625,1444100.0,100.52579498291016
155,2019-08-14,103.72000122070312,100.83000183105469,103.38999938964844,101.69000244140625,2244900.0,97.87884521484375
156,2019-08-15,102.36000061035156,101.12999725341797,101.86000061035156,101.83999633789062,1244600.0,98.02323150634766
157,2019-08-16,103.66999816894531,101.12999725341797,102.3499984741211,103.22000122070312,1939900.0,99.35150909423828
158,2019-08-19,104.45999908447266,103.73999786376953,104.45999908447266,103.98999786376953,1640200.0,100.0926513671875
159,2019-08-20,104.29000091552734,103.1500015258789,103.70999908447266,103.22000122070312,923700.0,99.35150909423828
160,2019-08-21,103.95999908447266,103.30000305175781,103.72000122070312,103.88999938964844,920900.0,99.99640655517578
161,2019-08-22,104.83999633789062,103.41999816894531,104.54000091552734,104.5,1098000.0,100.58353424072266
162,2019-08-23,105.36000061035156,101.48999786376953,104.0199966430664,101.9800033569336,1418500.0,98.15798950195312
163,2019-08-26,103.27999877929688,101.87000274658203,102.5199966430664,103.20999908447266,1230700.0,99.34188842773438
164,2019-08-27,104.06999969482422,102.4000015258789,103.70999908447266,102.62999725341797,1274900.0,98.78362274169922
165,2019-08-28,102.88999938964844,101.6500015258789,102.2300033569336,102.41000366210938,1433200.0,98.57186889648438
166,2019-08-29,102.91000366210938,101.80999755859375,102.69000244140625,102.22000122070312,1296800.0,98.87171936035156
167,2019-08-30,103.19000244140625,101.9000015258789,102.91000366210938,102.38999938964844,2077800.0,99.03614807128906
168,2019-09-03,102.73999786376953,101.61000061035156,101.80999755859375,102.54000091552734,1969100.0,99.18122863769531
169,2019-09-04,104.08000183105469,103.19000244140625,103.51000213623047,103.9000015258789,1236400.0,100.4966812133789
170,2019-09-05,105.58999633789062,104.2300033569336,105.0,104.37999725341797,1158400.0,100.9609603881836
171,2019-09-06,105.55000305175781,104.02999877929688,104.2699966430664,105.30999755859375,993700.0,101.86048889160156
172,2019-09-09,106.0999984741211,104.80000305175781,106.02999877929688,105.79000091552734,1075500.0,102.32477569580078
173,2019-09-10,106.0199966430664,103.94000244140625,105.98999786376953,105.68000030517578,1396200.0,102.21837615966797
174,2019-09-11,106.16000366210938,104.7300033569336,105.44999694824219,106.1500015258789,1398700.0,102.6729965209961
175,2019-09-12,106.8499984741211,105.56999969482422,106.31999969482422,106.58000183105469,1310000.0,103.08890533447266
176,2019-09-13,107.2300033569336,105.51000213623047,106.91000366210938,105.80999755859375,1909400.0,102.34412384033203
177,2019-09-16,106.41000366210938,105.05000305175781,105.47000122070312,106.37999725341797,1299500.0,102.89544677734375
178,2019-09-17,107.97000122070312,106.12000274658203,106.37999725341797,107.94000244140625,1911900.0,104.40435791015625
179,2019-09-18,108.69999694824219,107.18000030517578,108.0,107.98999786376953,2078900.0,104.45272064208984
180,2019-09-19,109.0999984741211,108.12000274658203,108.16000366210938,108.36000061035156,1601200.0,104.81060028076172
181,2019-09-20,109.0199966430664,107.33000183105469,108.66999816894531,107.91999816894531,2087900.0,104.385009765625
182,2019-09-23,108.69999694824219,107.22000122070312,107.56999969482422,108.41000366210938,1080800.0,104.85895538330078
183,2019-09-24,109.55000305175781,107.4800033569336,108.87000274658203,107.76000213623047,2146500.0,104.23025512695312
184,2019-09-25,108.25,107.30000305175781,108.0,107.66000366210938,2303900.0,104.1335220336914
185,2019-09-26,108.63999938964844,107.29000091552734,107.6500015258789,108.11000061035156,1979800.0,104.56877899169922
186,2019-09-27,108.54000091552734,107.0999984741211,108.54000091552734,107.83000183105469,1550900.0,104.29796600341797
187,2019-09-30,108.86000061035156,107.75,108.37999725341797,108.68000030517578,2163500.0,105.1201171875
188,2019-10-01,109.44999694824219,106.9800033569336,109.0,107.16999816894531,2530100.0,103.65957641601562
189,2019-10-02,107.12999725341797,104.95999908447266,106.62999725341797,105.61000061035156,1466700.0,102.15066528320312
190,2019-10-03,106.18000030517578,104.81999969482422,105.58000183105469,105.6500015258789,1276600.0,102.18936157226562
191,2019-10-04,108.5,105.7300033569336,105.7300033569336,108.45999908447266,1715000.0,104.9073257446289
192,2019-10-07,108.7300033569336,107.44999694824219,108.16999816894531,107.45999908447266,1336300.0,103.94007110595703
193,2019-10-08,106.98999786376953,105.87000274658203,106.72000122070312,105.9000015258789,1422400.0,102.4311752319336
194,2019-10-09,107.05999755859375,106.29000091552734,106.5999984741211,106.56999969482422,836100.0,103.0792236328125
195,2019-10-10,108.04000091552734,106.51000213623047,106.5199966430664,107.13999938964844,1240800.0,103.63056182861328
196,2019-10-11,108.97000122070312,107.87000274658203,108.20999908447266,107.93000030517578,1297000.0,104.3946762084961
197,2019-10-14,108.54000091552734,107.5,107.73999786376953,108.2300033569336,1519200.0,104.68484497070312
198,2019-10-15,109.12999725341797,108.0199966430664,108.62000274658203,108.06999969482422,1489200.0,104.53008270263672
199,2019-10-16,107.75,106.2300033569336,107.52999877929688,107.48999786376953,1336200.0,103.96910095214844
200,2019-10-17,108.41000366210938,107.33000183105469,107.79000091552734,107.73999786376953,1051600.0,104.21089935302734
201,2019-10-18,108.69000244140625,107.58000183105469,108.19999694824219,108.41000366210938,1671800.0,104.85895538330078
202,2019-10-21,109.29000091552734,108.43000030517578,108.94000244140625,109.12999725341797,1399800.0,105.55537414550781
203,2019-10-22,108.72000122070312,107.08000183105469,108.66999816894531,107.5,1417900.0,103.978759765625
204,2019-10-23,108.4000015258789,107.5,107.5,108.18000030517578,1060900.0,104.63648986816406
205,2019-10-24,108.55000305175781,107.9000015258789,108.4000015258789,108.26000213623047,1104300.0,104.71387481689453
206,2019-10-25,108.19999694824219,106.7300033569336,108.19000244140625,107.23999786376953,1758100.0,103.7272720336914
207,2019-10-28,108.2699966430664,106.58999633789062,107.62999725341797,106.5999984741211,1937400.0,103.1082534790039
208,2019-10-29,108.22000122070312,106.31999969482422,106.80000305175781,108.22000122070312,1784900.0,104.67517852783203
209,2019-10-30,107.61000061035156,103.6500015258789,107.47000122070312,104.94999694824219,2267400.0,101.51228332519531
210,2019-10-31,106.45999908447266,104.06999969482422,104.47000122070312,106.41999816894531,1600600.0,102.93414306640625
211,2019-11-01,107.38999938964844,105.45999908447266,106.9800033569336,105.9000015258789,2281400.0,102.4311752319336
212,2019-11-04,107.52999877929688,106.36000061035156,106.55000305175781,106.48999786376953,1379000.0,103.00184631347656
213,2019-11-05,107.06999969482422,105.80999755859375,106.93000030517578,105.83999633789062,1554500.0,102.37313079833984
214,2019-11-06,106.98999786376953,105.66999816894531,105.87000274658203,106.94999694824219,1948200.0,103.44677734375
215,2019-11-07,108.41000366210938,106.80999755859375,106.94999694824219,107.72000122070312,1974500.0,104.1915512084961
216,2019-11-08,108.30999755859375,107.33999633789062,107.54000091552734,108.19000244140625,1374500.0,104.64616394042969
217,2019-11-11,109.43000030517578,107.41000366210938,107.69999694824219,109.37999725341797,1011100.0,105.79718017578125
218,2019-11-12,111.0,109.29000091552734,109.62000274658203,110.12999725341797,2053000.0,106.52262115478516
219,2019-11-13,110.98999786376953,109.05999755859375,109.47000122070312,110.56999969482422,1806200.0,106.94820404052734
220,2019-11-14,110.86000061035156,110.0999984741211,110.36000061035156,110.80000305175781,988100.0,107.17066192626953
221,2019-11-15,111.31999969482422,110.45999908447266,110.97000122070312,111.0999984741211,1459500.0,107.4608383178711
222,2019-11-18,111.51000213623047,110.76000213623047,110.86000061035156,111.51000213623047,1668900.0,107.85741424560547
223,2019-11-19,111.7699966430664,110.91000366210938,111.54000091552734,111.02999877929688,1682200.0,107.39313507080078
224,2019-11-20,111.18000030517578,109.88999938964844,110.7699966430664,110.4000015258789,1787800.0,106.78377532958984
225,2019-11-21,110.63999938964844,109.30000305175781,110.30999755859375,110.19999694824219,1755900.0,106.59033203125
226,2019-11-22,111.0,109.91000366210938,110.30000305175781,110.04000091552734,1036100.0,106.43557739257812
227,2019-11-25,111.11000061035156,110.25,110.25,110.63999938964844,956200.0,107.01589965820312
228,2019-11-26,112.63999938964844,110.63999938964844,110.88999938964844,112.62000274658203,2127300.0,108.9310531616211
229,2019-11-27,112.5,111.5999984741211,112.36000061035156,112.0199966430664,1599900.0,108.83390045166016
230,2019-11-29,112.5,111.29000091552734,112.22000122070312,111.3499984741211,817900.0,108.18295288085938
231,2019-12-02,111.8499984741211,111.0199966430664,111.70999908447266,111.13999938964844,1180700.0,107.97892761230469
232,2019-12-03,110.38999938964844,108.95999908447266,110.29000091552734,109.44000244140625,1191300.0,106.32728576660156
233,2019-12-04,110.5199966430664,109.12000274658203,109.36000061035156,110.13999938964844,1209100.0,107.00736999511719
234,2019-12-05,110.33000183105469,109.33999633789062,110.16000366210938,109.54000091552734,2608500.0,106.4244384765625
235,2019-12-06,111.51000213623047,110.16999816894531,110.16999816894531,111.0999984741211,1805100.0,107.9400634765625
236,2019-12-09,111.55000305175781,110.5999984741211,111.05000305175781,111.31999969482422,1789400.0,108.15380859375
237,2019-12-10,111.76000213623047,110.62999725341797,111.33999633789062,110.73999786376953,1031000.0,107.59030151367188
238,2019-12-11,110.68000030517578,109.06999969482422,110.54000091552734,109.58999633789062,1489300.0,106.47300720214844
239,2019-12-12,110.56999969482422,108.93000030517578,109.38999938964844,110.3499984741211,1757200.0,107.2114028930664
240,2019-12-13,110.29000091552734,109.2300033569336,109.80000305175781,109.69999694824219,1523400.0,106.57988739013672
241,2019-12-16,110.12000274658203,109.16999816894531,109.9000015258789,109.62000274658203,2329900.0,106.50216674804688
242,2019-12-17,110.62000274658203,109.44999694824219,109.88999938964844,109.8499984741211,3208100.0,106.72561645507812
243,2019-12-18,110.18000030517578,109.19000244140625,110.18000030517578,109.6500015258789,1672200.0,106.53131103515625
244,2019-12-19,111.20999908447266,108.9800033569336,109.44999694824219,111.20999908447266,2351900.0,108.04694366455078
245,2019-12-20,113.31999969482422,111.51000213623047,112.43000030517578,111.58000183105469,3457700.0,108.40642547607422
246,2019-12-23,112.0,110.38999938964844,111.81999969482422,110.87999725341797,1834700.0,107.72632598876953
247,2019-12-24,111.61000061035156,110.94999694824219,110.94999694824219,111.16999816894531,831700.0,108.00807189941406
248,2019-12-26,112.12000274658203,111.13999938964844,111.16000366210938,111.5999984741211,822900.0,108.42584228515625
249,2019-12-27,112.12000274658203,111.41000366210938,111.87000274658203,111.87000274658203,1041600.0,108.68816375732422
250,2019-12-30,112.05000305175781,111.33999633789062,112.0,111.7699966430664,920300.0,108.59101104736328
251,2019-12-31,112.4800033569336,111.58999633789062,111.81999969482422,112.44999694824219,1109000.0,109.25167083740234
252,2020-01-02,113.0,111.66000366210938,112.97000122070312,112.81999969482422,1212400.0,109.61115264892578
253,2020-01-03,113.0999984741211,111.7699966430664,111.83999633789062,112.83000183105469,1047100.0,109.62086486816406
254,2020-01-06,113.20999908447266,112.04000091552734,112.33999633789062,113.16000366210938,1214800.0,109.94148254394531
255,2020-01-07,112.98999786376953,112.16000366210938,112.68000030517578,112.19000244140625,1641000.0,108.99906921386719
256,2020-01-08,113.83000183105469,112.44000244140625,112.55000305175781,112.5,1748900.0,109.30024719238281
257,2020-01-09,113.91000366210938,112.72000122070312,113.0,113.77999877929688,1462000.0,110.54383850097656
258,2020-01-10,114.16000366210938,113.18000030517578,113.95999908447266,113.44999694824219,1431200.0,110.22322082519531
259,2020-01-13,114.48999786376953,113.44999694824219,113.4800033569336,114.4800033569336,1526100.0,111.22393035888672
260,2020-01-14,114.38999938964844,113.44000244140625,114.3499984741211,113.80000305175781,1899100.0,110.56327056884766
261,2020-01-15,114.62999725341797,113.05000305175781,113.62000274658203,114.26000213623047,1692500.0,111.01019287109375
262,2020-01-16,116.16000366210938,114.2699966430664,114.54000091552734,116.1500015258789,1902900.0,112.846435546875
263,2020-01-17,117.62000274658203,115.8499984741211,116.4000015258789,117.55000305175781,1725700.0,114.20662689208984
264,2020-01-21,118.2699966430664,117.05999755859375,117.1500015258789,117.80000305175781,1314100.0,114.44950103759766
265,2020-01-22,118.69000244140625,117.58999633789062,118.23999786376953,117.6500015258789,1274100.0,114.30377960205078
266,2020-01-23,118.38999938964844,116.0999984741211,117.05999755859375,118.1500015258789,1502400.0,114.78955078125
267,2020-01-24,118.75,117.4800033569336,118.23999786376953,118.27999877929688,2152200.0,114.91584777832031
268,2020-01-27,117.93000030517578,116.55999755859375,117.0,116.58000183105469,1135200.0,113.26420593261719
269,2020-01-28,118.1500015258789,116.87999725341797,116.87999725341797,117.54000091552734,1496500.0,114.19689178466797
270,2020-01-29,118.72000122070312,117.66999816894531,118.5,118.36000061035156,1878800.0,114.99357604980469
271,2020-01-30,119.9800033569336,117.56999969482422,117.58999633789062,119.87999725341797,1289400.0,116.47034454345703
272,2020-01-31,120.11000061035156,118.2699966430664,119.20999908447266,118.54000091552734,1754500.0,115.16845703125
273,2020-02-03,120.06999969482422,118.80000305175781,119.0,119.05000305175781,1439300.0,115.66395568847656
274,2020-02-04,121.16000366210938,119.91000366210938,120.16000366210938,119.94999694824219,1848200.0,116.5383529663086
275,2020-02-05,124.94000244140625,121.06999969482422,121.06999969482422,124.66999816894531,2718400.0,121.12409973144531
276,2020-02-06,125.43000030517578,123.79000091552734,124.7699966430664,123.88999938964844,1506700.0,120.36628723144531
277,2020-02-07,124.76000213623047,123.61000061035156,123.87000274658203,124.43000030517578,1331600.0,120.89093017578125
278,2020-02-10,124.83000183105469,123.2699966430664,124.33999633789062,123.94999694824219,1534300.0,120.4245834350586
279,2020-02-11,125.41000366210938,123.72000122070312,123.9000015258789,125.0999984741211,1739600.0,121.54187774658203
280,2020-02-12,125.25,122.94999694824219,125.25,123.77999877929688,1549100.0,120.25941467285156
281,2020-02-13,124.91999816894531,123.19999694824219,123.6500015258789,124.88999938964844,1367500.0,121.33785247802734
282,2020-02-14,125.58999633789062,124.6500015258789,124.93000030517578,125.56999969482422,1110900.0,121.99851989746094
283,2020-02-18,125.91999816894531,124.11000061035156,125.4000015258789,124.30000305175781,1663700.0,120.7646255493164
284,2020-02-19,125.0,123.8499984741211,124.5999984741211,124.26000213623047,1414600.0,120.72576904296875
285,2020-02-20,124.4800033569336,123.05000305175781,123.98999786376953,123.45999908447266,2146100.0,119.94851684570312
286,2020-02-21,124.02999877929688,122.91999816894531,123.29000091552734,123.62000274658203,1477700.0,120.10395812988281
287,2020-02-24,122.37000274658203,120.18000030517578,121.44999694824219,120.54000091552734,1745600.0,117.111572265625
288,2020-02-25,120.80000305175781,117.13999938964844,120.75,117.30999755859375,2046400.0,113.97342681884766
289,2020-02-26,119.01000213623047,115.72000122070312,117.95999908447266,115.7300033569336,2479000.0,112.43838500976562
290,2020-02-27,115.02999877929688,109.87000274658203,114.58999633789062,109.91999816894531,2366900.0,106.79363250732422
291,2020-02-28,107.9000015258789,102.91000366210938,106.58000183105469,105.25,4179800.0,102.76127624511719
292,2020-03-02,112.76000213623047,104.58999633789062,104.58999633789062,112.66999816894531,2794600.0,110.0058364868164
293,2020-03-03,113.58000183105469,108.0,112.43000030517578,109.19999694824219,2810300.0,106.61788940429688
294,2020-03-04,114.88999938964844,110.16999816894531,111.33000183105469,114.51000213623047,1905900.0,111.80233001708984
295,2020-03-05,112.08999633789062,107.04000091552734,111.1500015258789,108.45999908447266,2459900.0,105.8953857421875
296,2020-03-06,107.70999908447266,103.91000366210938,104.20999908447266,107.13999938964844,3277500.0,104.6065902709961
297,2020-03-09,100.16000366210938,94.0199966430664,99.56999969482422,95.61000061035156,2527100.0,93.3492202758789
298,2020-03-10,100.19999694824219,94.58000183105469,99.36000061035156,99.26000213623047,2511100.0,96.91293334960938
299,2020-03-11,96.68000030517578,90.55000305175781,96.25,92.7699966430664,2662000.0,90.57637023925781
300,2020-03-12,90.37999725341797,83.72000122070312,86.04000091552734,83.80000305175781,4397700.0,81.81849670410156
301,2020-03-13,93.05999755859375,83.0999984741211,89.45999908447266,92.7699966430664,3606000.0,90.57637023925781
302,2020-03-16,90.54000091552734,78.0,78.0,84.9800033569336,3607500.0,82.97058868408203
303,2020-03-17,90.6500015258789,85.2699966430664,87.16000366210938,87.94000244140625,2917900.0,85.860595703125
304,2020-03-18,83.75,64.12999725341797,81.63999938964844,75.55000305175781,3617400.0,73.7635726928711
305,2020-03-19,78.5199966430664,70.7300033569336,74.12999725341797,74.69000244140625,2475800.0,72.92390441894531
306,2020-03-20,78.66000366210938,70.76000213623047,76.36000061035156,73.87000274658203,3911100.0,72.123291015625
307,2020-03-23,75.91999816894531,68.86000061035156,71.73999786376953,73.2300033569336,3181100.0,71.49842071533203
308,2020-03-24,79.18000030517578,75.69999694824219,78.0999984741211,77.91999816894531,3197500.0,76.07752227783203
309,2020-03-25,86.70999908447266,75.01000213623047,77.86000061035156,83.0,3539600.0,81.03739929199219
310,2020-03-26,90.51000213623047,83.01000213623047,83.11000061035156,89.5,3563500.0,87.38370513916016
311,2020-03-27,92.58999633789062,85.12999725341797,86.11000061035156,88.45999908447266,2662500.0,86.36830139160156
312,2020-03-30,95.29000091552734,85.4800033569336,88.27999877929688,94.63999938964844,2745400.0,92.40216827392578
313,2020-03-31,94.19000244140625,91.20999908447266,93.4000015258789,91.7300033569336,2534900.0,89.56098175048828
314,2020-04-01,88.80000305175781,85.3499984741211,86.48999786376953,86.4000015258789,2684000.0,84.35700988769531
315,2020-04-02,89.7300033569336,84.04000091552734,86.2699966430664,85.79000091552734,2580000.0,83.76142883300781
316,2020-04-03,86.98999786376953,83.75,85.08999633789062,85.95999908447266,3264300.0,83.92741394042969
317,2020-04-06,94.62999725341797,88.63999938964844,90.52999877929688,93.5199966430664,2408400.0,91.30864715576172
318,2020-04-07,99.56999969482422,92.26000213623047,97.5999984741211,92.52999877929688,2677500.0,90.3420639038086
319,2020-04-08,98.37000274658203,91.5,94.04000091552734,97.25,1951900.0,94.95045471191406
320,2020-04-09,102.19000244140625,97.80000305175781,98.94000244140625,100.33999633789062,2714200.0,97.96739196777344
321,2020-04-13,102.25,97.37999725341797,101.81999969482422,98.0,2225500.0,95.6827163696289
322,2020-04-14,103.11000061035156,99.11000061035156,100.11000061035156,102.44000244140625,2393700.0,100.01773834228516
323,2020-04-15,99.9000015258789,97.47000122070312,98.7300033569336,97.94000244140625,2036600.0,95.62413787841797
324,2020-04-16,100.23999786376953,97.61000061035156,97.7699966430664,99.93000030517578,2168600.0,97.56708526611328
325,2020-04-17,105.79000091552734,100.12000274658203,103.0,104.91999816894531,3991000.0,102.4390869140625
326,2020-04-20,105.2699966430664,101.48999786376953,103.18000030517578,102.72000122070312,2378900.0,100.2911148071289
327,2020-04-21,102.2699966430664,98.41999816894531,99.27999877929688,100.08999633789062,1731600.0,97.72329711914062
328,2020-04-22,102.8499984741211,99.88999938964844,101.87999725341797,101.98999786376953,1828600.0,99.578369140625
329,2020-04-23,103.29000091552734,99.41999816894531,102.63999938964844,99.44999694824219,1672200.0,97.09842681884766
330,2020-04-24,101.75,99.25,100.70999908447266,101.44000244140625,1801100.0,99.0413818359375
331,2020-04-27,103.58000183105469,101.6500015258789,101.80999755859375,103.08999633789062,1639800.0,100.65235900878906
332,2020-04-28,106.73999786376953,101.68000030517578,105.19000244140625,101.83999633789062,2058400.0,99.43191528320312
333,2020-04-29,106.72000122070312,102.7699966430664,104.55000305175781,105.81999969482422,2661100.0,103.31781768798828
334,2020-04-30,104.9800033569336,101.22000122070312,103.62000274658203,101.72000122070312,2468700.0,99.31475067138672
335,2020-05-01,100.58999633789062,98.9000015258789,99.97000122070312,99.73999786376953,2186100.0,97.38157653808594
336,2020-05-04,100.73999786376953,98.16000366210938,98.9800033569336,100.33999633789062,1548000.0,97.96739196777344
337,2020-05-05,103.31999969482422,101.1500015258789,101.1500015258789,102.1500015258789,2006900.0,99.73458862304688
338,2020-05-06,104.29000091552734,101.02999877929688,102.33000183105469,101.4800033569336,2471500.0,99.08043670654297
339,2020-05-07,104.05000305175781,100.16000366210938,102.58000183105469,100.8499984741211,2408500.0,98.46533203125
340,2020-05-08,102.80000305175781,100.63999938964844,102.5999984741211,100.79000091552734,2217700.0,98.40674591064453
341,2020-05-11,102.41999816894531,98.77999877929688,99.87000274658203,101.83999633789062,2079100.0,99.43191528320312
342,2020-05-12,102.55999755859375,97.52999877929688,102.06999969482422,97.55000305175781,1634100.0,95.24336242675781
343,2020-05-13,97.38999938964844,91.44999694824219,96.93000030517578,92.08000183105469,2798200.0,89.90270233154297
344,2020-05-14,94.1500015258789,89.51000213623047,91.18000030517578,93.91999816894531,1690400.0,91.69918823242188
345,2020-05-15,95.61000061035156,92.05000305175781,93.08000183105469,95.37999725341797,2439700.0,93.12466430664062
346,2020-05-18,100.02999877929688,98.05999755859375,98.29000091552734,99.04000091552734,1611800.0,96.69812774658203
347,2020-05-19,99.38999938964844,97.22000122070312,98.37000274658203,97.2699966430664,1180200.0,94.96997833251953
348,2020-05-20,98.94000244140625,96.75,98.56999969482422,96.98999786376953,2386800.0,94.69659423828125
349,2020-05-21,96.83999633789062,92.08000183105469,96.48999786376953,94.12999725341797,2972300.0,91.90422821044922
350,2020-05-22,95.05999755859375,92.69000244140625,94.43000030517578,94.81999969482422,1510200.0,92.5779037475586
351,2020-05-26,98.12000274658203,93.87000274658203,97.9000015258789,94.05000305175781,2756600.0,91.82611846923828
352,2020-05-27,97.75,94.52999877929688,96.41000366210938,97.7300033569336,2711600.0,95.41910552978516
353,2020-05-28,99.30999755859375,96.91999816894531,98.58999633789062,98.26000213623047,1932700.0,96.46961212158203
354,2020-05-29,98.02999877929688,96.0999984741211,97.69000244140625,97.80999755859375,2112400.0,96.02780151367188
355,2020-06-01,99.58999633789062,97.97000122070312,98.36000061035156,99.06999969482422,1601100.0,97.26483917236328
356,2020-06-02,99.72000122070312,98.33999633789062,99.4000015258789,99.0,1586000.0,97.19612121582031
357,2020-06-03,100.91000366210938,99.70999908447266,100.25,100.41000366210938,1673200.0,98.58043670654297
358,2020-06-04,102.08999633789062,99.25,99.9000015258789,101.86000061035156,1980800.0,100.00401306152344
359,2020-06-05,106.5999984741211,102.86000061035156,106.44999694824219,105.47000122070312,2313500.0,103.54823303222656
360,2020-06-08,107.08000183105469,104.7699966430664,105.6500015258789,106.98999786376953,2240200.0,105.04052734375
361,2020-06-09,105.87999725341797,102.80999755859375,105.41000366210938,103.20999908447266,1654900.0,101.32940673828125
362,2020-06-10,104.0,101.69000244140625,102.9800033569336,101.9800033569336,2013100.0,100.121826171875
363,2020-06-11,100.2300033569336,94.77999877929688,99.7300033569336,94.79000091552734,2295400.0,93.06283569335938
364,2020-06-12,97.5,93.26000213623047,97.33999633789062,95.69999694824219,2198800.0,93.95624542236328
365,2020-06-15,98.41000366210938,92.69999694824219,93.08999633789062,97.83000183105469,2049000.0,96.04744720458984
366,2020-06-16,101.08000183105469,97.20999908447266,100.62999725341797,99.12000274658203,1850200.0,97.31393432617188
367,2020-06-17,99.6500015258789,97.69999694824219,99.12999725341797,97.94999694824219,1566900.0,96.16525268554688
368,2020-06-18,99.0199966430664,96.5999984741211,97.45999908447266,98.75,1337000.0,96.95067596435547
369,2020-06-19,101.0,97.51000213623047,101.0,98.7300033569336,3654700.0,96.93104553222656
370,2020-06-22,98.58000183105469,96.94000244140625,97.88999938964844,97.16000366210938,1465300.0,95.38965606689453
371,2020-06-23,99.27999877929688,96.54000091552734,98.91999816894531,96.66000366210938,1672300.0,94.89875793457031
372,2020-06-24,95.9000015258789,92.87999725341797,95.80000305175781,92.94999694824219,2743600.0,91.25635528564453
373,2020-06-25,95.87999725341797,93.25,93.37000274658203,95.83000183105469,1652400.0,94.0838851928711
374,2020-06-26,95.69999694824219,93.70999908447266,94.5,94.58000183105469,2418300.0,92.85665893554688
375,2020-06-29,95.87999725341797,94.58000183105469,95.55999755859375,95.44000244140625,1262200.0,93.70099639892578
376,2020-06-30,97.68000030517578,95.41000366210938,95.55000305175781,96.98999786376953,1839800.0,95.22274017333984
377,2020-07-01,97.43000030517578,95.37000274658203,96.7300033569336,95.52999877929688,1611000.0,93.78934478759766
378,2020-07-02,97.26000213623047,93.87000274658203,97.06999969482422,94.08999633789062,1941300.0,92.37557983398438
379,2020-07-06,96.81999969482422,95.08999633789062,95.83000183105469,95.63999938964844,1451400.0,93.8973388671875
380,2020-07-07,95.20999908447266,92.41999816894531,95.05999755859375,92.6500015258789,1312500.0,90.96183013916016
381,2020-07-08,90.94999694824219,87.69000244140625,89.19000244140625,88.22000122070312,5064400.0,86.61254119873047
382,2020-07-09,88.79000091552734,84.97000122070312,88.56999969482422,85.81999969482422,3216100.0,84.25627136230469
383,2020-07-10,87.52999877929688,85.69000244140625,86.23999786376953,86.97000122070312,2793200.0,85.38531494140625
384,2020-07-13,89.52999877929688,86.37000274658203,88.2699966430664,88.5,2846200.0,86.88744354248047
385,2020-07-14,90.41999816894531,88.30000305175781,88.38999938964844,89.7300033569336,2472100.0,88.09503936767578
386,2020-07-15,91.93000030517578,89.3499984741211,91.93000030517578,90.12999725341797,2480500.0,88.48773193359375
387,2020-07-16,93.0199966430664,89.6500015258789,89.7699966430664,91.61000061035156,2083400.0,89.9407730102539
388,2020-07-17,92.08000183105469,90.16000366210938,92.0199966430664,91.66999816894531,3274500.0,89.99967956542969
389,2020-07-20,92.22000122070312,90.81999969482422,91.26000213623047,90.93000030517578,1773400.0,89.27316284179688
390,2020-07-21,92.93000030517578,91.27999877929688,91.43000030517578,91.86000061035156,1723700.0,90.18621826171875
391,2020-07-22,93.76000213623047,91.33000183105469,91.36000061035156,93.5199966430664,1726400.0,91.81597137451172
392,2020-07-23,95.41000366210938,93.33999633789062,93.33999633789062,94.66999816894531,3225200.0,92.94501495361328
393,2020-07-24,95.47000122070312,92.88999938964844,94.7699966430664,94.36000061035156,1857300.0,92.64067077636719
394,2020-07-27,94.16000366210938,91.66999816894531,93.98999786376953,92.69999694824219,1635100.0,91.01091003417969
395,2020-07-28,93.05999755859375,91.95999908447266,92.69999694824219,92.2699966430664,1114300.0,90.5887451171875
396,2020-07-29,94.38999938964844,92.25,92.30999755859375,94.0,1649800.0,92.28721618652344
397,2020-07-30,93.16999816894531,91.91999816894531,92.5,92.08000183105469,1712500.0,90.4022216796875
398,2020-07-31,94.5199966430664,91.8499984741211,92.05000305175781,94.38999938964844,2077200.0,92.67012023925781
399,2020-08-03,97.23999786376953,94.0,94.52999877929688,96.19000244140625,1982700.0,94.43732452392578
400,2020-08-04,97.62000274658203,95.83999633789062,96.58000183105469,96.23999786376953,2443300.0,94.48641204833984
401,2020-08-05,100.55999755859375,93.88999938964844,98.19000244140625,94.76000213623047,3498800.0,93.03337860107422
402,2020-08-06,95.8499984741211,94.20999908447266,94.44999694824219,94.4800033569336,1306000.0,92.75848388671875
403,2020-08-07,96.9800033569336,94.05999755859375,94.05999755859375,96.91000366210938,1169400.0,95.14420318603516
404,2020-08-10,97.5999984741211,96.62000274658203,97.0999984741211,97.25,1262500.0,95.4780044555664
405,2020-08-11,99.16000366210938,96.55999755859375,98.72000122070312,96.83000183105469,1376700.0,95.06566619873047
406,2020-08-12,98.58000183105469,95.86000061035156,98.19999694824219,96.2300033569336,1404600.0,94.47659301757812
407,2020-08-13,96.91000366210938,95.05999755859375,95.5199966430664,96.26000213623047,1068500.0,94.50605010986328
408,2020-08-14,96.70999908447266,95.16999816894531,95.6500015258789,96.12000274658203,1581300.0,94.36859893798828
409,2020-08-17,96.66000366210938,95.11000061035156,96.31999969482422,95.2300033569336,1437100.0,93.49481201171875
410,2020-08-18,95.66999816894531,94.5,95.20999908447266,94.68000030517578,1367100.0,92.954833984375
411,2020-08-19,95.87000274658203,93.87999725341797,94.98999786376953,94.27999877929688,1177400.0,92.56211853027344
412,2020-08-20,96.06999969482422,93.5,93.63999938964844,95.36000061035156,1618800.0,93.62244415283203
413,2020-08-21,95.87000274658203,94.02999877929688,95.48999786376953,94.48999786376953,1326200.0,92.76829528808594
414,2020-08-24,95.12999725341797,93.08000183105469,94.79000091552734,95.0,2399700.0,93.26899719238281
415,2020-08-25,95.55000305175781,93.61000061035156,95.3499984741211,93.7699966430664,1662100.0,92.06140899658203
416,2020-08-26,94.08000183105469,92.66000366210938,93.38999938964844,93.01000213623047,1688900.0,91.31526947021484
417,2020-08-27,95.12000274658203,92.8499984741211,93.01000213623047,94.12999725341797,2327000.0,92.95453643798828
418,2020-08-28,94.88999938964844,93.6500015258789,94.88999938964844,94.30000305175781,2976200.0,93.12242126464844
419,2020-08-31,94.30000305175781,92.3499984741211,94.2699966430664,93.0,1571400.0,91.8386459350586
420,2020-09-01,93.62999725341797,92.27999877929688,92.9000015258789,92.95999908447266,1890400.0,91.79914093017578
421,2020-09-02,95.08000183105469,92.13999938964844,92.7300033569336,94.58999633789062,3079100.0,93.4087905883789
422,2020-09-03,97.38999938964844,92.52999877929688,95.19999694824219,93.33999633789062,2022100.0,92.17440032958984
423,2020-09-04,95.16999816894531,92.63999938964844,94.62999725341797,93.80999755859375,1892500.0,92.63853454589844
424,2020-09-08,93.79000091552734,91.06999969482422,93.72000122070312,91.25,1927600.0,90.1104965209961
425,2020-09-09,93.69000244140625,91.61000061035156,91.93000030517578,92.54000091552734,1784500.0,91.38439178466797
426,2020-09-10,94.08999633789062,92.58000183105469,93.11000061035156,92.62000274658203,1850800.0,91.46339416503906
427,2020-09-11,94.13999938964844,92.4800033569336,92.80999755859375,93.81999969482422,1288300.0,92.64840698242188
428,2020-09-14,95.56999969482422,94.2699966430664,94.4000015258789,94.94999694824219,1471400.0,93.76428985595703
429,2020-09-15,96.58000183105469,93.9800033569336,95.5999984741211,94.83999633789062,2411400.0,93.65567016601562
430,2020-09-16,97.55999755859375,94.94000244140625,95.1500015258789,95.91000366210938,1797400.0,94.71231842041016
431,2020-09-17,95.22000122070312,92.26000213623047,95.0,92.80000305175781,1539500.0,91.64115142822266
432,2020-09-18,92.9800033569336,90.91000366210938,92.54000091552734,91.27999877929688,2549400.0,90.14012908935547
433,2020-09-21,92.56999969482422,89.72000122070312,90.04000091552734,92.02999877929688,2608900.0,90.8807601928711
434,2020-09-22,94.0,91.61000061035156,92.72000122070312,92.33999633789062,2095300.0,91.18688201904297
435,2020-09-23,93.05999755859375,89.56999969482422,92.25,89.62000274658203,1817800.0,88.50086212158203
436,2020-09-24,91.19999694824219,88.77999877929688,89.68000030517578,89.9800033569336,1941300.0,88.85636901855469
437,2020-09-25,91.5999984741211,88.91999816894531,89.06999969482422,91.27999877929688,2077800.0,90.14012908935547
438,2020-09-28,94.12999725341797,91.88999938964844,92.30999755859375,93.22000122070312,1385100.0,92.055908203125
439,2020-09-29,93.79000091552734,92.29000091552734,92.83999633789062,93.44000244140625,2403200.0,92.27315521240234
440,2020-09-30,94.68000030517578,93.31999969482422,93.55000305175781,94.13999938964844,2090500.0,92.96440887451172
441,2020-10-01,95.1500015258789,91.66000366210938,95.0999984741211,92.26000213623047,2662500.0,91.10789489746094
442,2020-10-02,94.36000061035156,91.18000030517578,91.33999633789062,93.0199966430664,1369000.0,91.8583984375
443,2020-10-05,94.94999694824219,93.13999938964844,93.80999755859375,93.68000030517578,1501800.0,92.5101547241211
444,2020-10-06,94.83000183105469,92.2699966430664,93.98999786376953,92.6500015258789,2163800.0,91.4930191040039
445,2020-10-07,94.83999633789062,93.02999877929688,93.4000015258789,93.29000091552734,1558100.0,92.1250228881836
446,2020-10-08,94.91000366210938,93.26000213623047,93.5999984741211,93.58000183105469,1422900.0,92.41140747070312
447,2020-10-09,93.97000122070312,92.7699966430664,93.88999938964844,92.86000061035156,1501300.0,91.70039367675781
448,2020-10-12,94.8499984741211,92.9000015258789,93.11000061035156,94.26000213623047,1526500.0,93.08291625976562
449,2020-10-13,94.66000366210938,91.37000274658203,94.0199966430664,91.79000091552734,2513700.0,90.64376068115234
450,2020-10-14,93.0999984741211,91.23999786376953,91.87999725341797,91.27999877929688,2514300.0,90.14012908935547
451,2020-10-15,92.2699966430664,89.9000015258789,90.04000091552734,91.70999908447266,1812000.0,90.56475067138672
452,2020-10-16,93.2699966430664,91.81999969482422,91.81999969482422,92.58000183105469,3521000.0,91.42388916015625
453,2020-10-19,93.0999984741211,91.05000305175781,92.12000274658203,91.41999816894531,1326800.0,90.27837371826172
454,2020-10-20,92.52999877929688,90.93000030517578,92.25,91.08000183105469,1621500.0,89.942626953125
455,2020-10-21,91.87000274658203,90.30000305175781,90.91999816894531,90.76000213623047,2483900.0,89.62661743164062
456,2020-10-22,91.94999694824219,90.11000061035156,90.8499984741211,91.69000244140625,1479900.0,90.54501342773438
457,2020-10-23,92.66000366210938,90.91000366210938,92.5199966430664,91.25,1166200.0,90.1104965209961
458,2020-10-26,90.88999938964844,89.52999877929688,90.56999969482422,90.81999969482422,1662700.0,89.68587493896484
459,2020-10-27,90.87999725341797,89.0,90.58000183105469,89.04000091552734,1800000.0,87.9281005859375
460,2020-10-28,88.94999694824219,87.33000183105469,87.75,88.0,2620500.0,86.90108489990234
461,2020-10-29,89.43000030517578,86.51000213623047,87.44000244140625,88.58999633789062,1653800.0,87.48371124267578
462,2020-10-30,89.4000015258789,87.69999694824219,88.27999877929688,88.75,1796400.0,87.6417236328125
463,2020-11-02,91.23999786376953,89.12000274658203,90.04000091552734,90.9000015258789,1922400.0,89.76487731933594
464,2020-11-03,94.31999969482422,92.29000091552734,92.4000015258789,92.91999816894531,1724600.0,91.7596435546875
465,2020-11-04,94.0999984741211,90.5999984741211,91.56999969482422,92.04000091552734,2148700.0,90.89063262939453
466,2020-11-05,94.13999938964844,90.06999969482422,93.26000213623047,90.41000366210938,2740200.0,89.28099822998047
467,2020-11-06,92.4800033569336,90.41999816894531,91.33999633789062,91.1500015258789,1507500.0,90.01175689697266
468,2020-11-09,96.98999786376953,91.16000366210938,96.62999725341797,93.88999938964844,3943200.0,92.71753692626953
469,2020-11-10,94.91000366210938,93.06999969482422,94.79000091552734,94.44000244140625,2607700.0,93.26066589355469
470,2020-11-11,95.3499984741211,93.9800033569336,95.11000061035156,94.37000274658203,1675000.0,93.19153594970703
471,2020-11-12,95.5,93.94999694824219,94.16000366210938,94.80999755859375,1794900.0,93.62604522705078
472,2020-11-13,97.12000274658203,95.19000244140625,95.19000244140625,96.70999908447266,1669900.0,95.5023193359375
473,2020-11-16,98.83000183105469,97.08000183105469,98.48999786376953,98.05999755859375,2023100.0,96.83545684814453
474,2020-11-17,99.73999786376953,97.05000305175781,98.05999755859375,99.37000274658203,1756400.0,98.12910461425781
475,2020-11-18,102.01000213623047,98.55000305175781,99.55999755859375,100.06999969482422,2517800.0,98.82035827636719
476,2020-11-19,100.80999755859375,98.1500015258789,99.19999694824219,100.37000274658203,2155700.0,99.11661529541016
477,2020-11-20,101.7300033569336,99.91999816894531,100.3499984741211,100.18000030517578,1817900.0,98.92898559570312
478,2020-11-23,101.41000366210938,100.01000213623047,101.19999694824219,101.30999755859375,1878100.0,100.04487609863281
479,2020-11-24,105.22000122070312,101.36000061035156,102.55000305175781,104.87999725341797,2627000.0,103.57029724121094
480,2020-11-25,104.27999877929688,102.75,104.16000366210938,103.94999694824219,1950600.0,102.65190124511719
481,2020-11-27,104.30000305175781,102.81999969482422,103.23999786376953,104.13999938964844,1069400.0,103.37655639648438
482,2020-11-30,103.87999725341797,102.1500015258789,103.27999877929688,102.3499984741211,2931800.0,101.59967803955078
483,2020-12-01,104.83999633789062,103.2699966430664,103.51000213623047,104.29000091552734,2299000.0,103.52545928955078
484,2020-12-02,105.23999786376953,102.95999908447266,104.05999755859375,103.68000030517578,1710400.0,102.91992950439453
485,2020-12-03,104.30000305175781,102.69999694824219,103.08999633789062,103.83000183105469,1435600.0,103.06883239746094
486,2020-12-04,104.87999725341797,103.72000122070312,104.19999694824219,104.36000061035156,1243800.0,103.59494018554688
487,2020-12-07,104.4000015258789,102.70999908447266,103.69999694824219,103.41000366210938,1488800.0,102.65190887451172
488,2020-12-08,105.72000122070312,102.44000244140625,102.63999938964844,105.44999694824219,1578100.0,104.67694854736328
489,2020-12-09,105.86000061035156,104.83999633789062,105.01000213623047,105.19000244140625,1413800.0,104.41886138916016
490,2020-12-10,105.72000122070312,104.31999969482422,104.91000366210938,105.41999816894531,2220700.0,104.64717102050781
491,2020-12-11,105.6500015258789,103.81999969482422,104.51000213623047,104.43000030517578,1662100.0,103.6644287109375
492,2020-12-14,106.0,104.5999984741211,105.4000015258789,104.87000274658203,1975300.0,104.10120391845703
493,2020-12-15,106.55999755859375,104.77999877929688,105.23999786376953,105.91999816894531,1404800.0,105.14350128173828
494,2020-12-16,107.48999786376953,106.04000091552734,106.38999938964844,106.41999816894531,1823600.0,105.63983917236328
495,2020-12-17,107.05000305175781,105.8499984741211,106.52999877929688,106.55999755859375,1821000.0,105.77880859375
496,2020-12-18,108.0999984741211,106.30000305175781,107.0,107.4000015258789,5276700.0,106.61265563964844
497,2020-12-21,107.61000061035156,104.47000122070312,107.5999984741211,106.16999816894531,2140200.0,105.39167022705078
498,2020-12-22,107.26000213623047,106.01000213623047,106.55999755859375,106.19000244140625,1513600.0,105.41152954101562
499,2020-12-23,107.55000305175781,105.94999694824219,106.43000030517578,105.98999786376953,1083300.0,105.2129898071289
500,2020-12-24,107.41000366210938,105.91999816894531,106.19000244140625,107.19000244140625,509000.0,106.4041976928711
501,2020-12-28,108.97000122070312,107.4000015258789,108.0199966430664,107.47000122070312,1130000.0,106.68214416503906
502,2020-12-29,108.31999969482422,107.33999633789062,107.7300033569336,107.5199966430664,1406000.0,106.73177337646484
503,2020-12-30,108.61000061035156,107.7699966430664,108.11000061035156,108.1500015258789,1017200.0,107.35716247558594
504,2020-12-31,110.0999984741211,108.0,108.16999816894531,109.93000030517578,1033800.0,109.12410736083984
505,2021-01-04,110.25,107.18000030517578,109.9000015258789,108.08000183105469,2124600.0,107.28767395019531
506,2021-01-05,108.3499984741211,106.56999969482422,108.3499984741211,107.2300033569336,2054000.0,106.44390869140625
507,2021-01-06,111.06999969482422,107.61000061035156,107.87999725341797,109.98999786376953,2174800.0,109.18367004394531
508,2021-01-07,110.91000366210938,109.63999938964844,110.2699966430664,110.06999969482422,1545300.0,109.2630844116211
509,2021-01-08,110.63999938964844,108.69999694824219,110.5199966430664,109.94999694824219,1260900.0,109.14395904541016
510,2021-01-11,110.19000244140625,108.91999816894531,109.12999725341797,109.1500015258789,1290500.0,108.3498306274414
511,2021-01-12,110.51000213623047,109.16000366210938,109.58000183105469,109.77999877929688,1219200.0,108.97520446777344
512,2021-01-13,110.19000244140625,108.16000366210938,109.36000061035156,108.87999725341797,2023500.0,108.08180236816406
513,2021-01-14,109.54000091552734,108.19999694824219,108.98999786376953,109.05999755859375,1432900.0,108.26048278808594
514,2021-01-15,109.37000274658203,108.0199966430664,108.69999694824219,108.4000015258789,2126800.0,107.6053237915039
515,2021-01-19,110.5,108.3499984741211,108.5999984741211,110.2699966430664,1255100.0,109.46160888671875
516,2021-01-20,111.70999908447266,109.77999877929688,110.11000061035156,111.0,1993400.0,110.18626403808594
517,2021-01-21,111.9000015258789,110.70999908447266,111.5199966430664,110.72000122070312,1605200.0,109.90831756591797
518,2021-01-22,110.95999908447266,109.5,110.19000244140625,110.43000030517578,1238700.0,109.62044525146484
519,2021-01-25,111.87999725341797,109.87000274658203,110.05000305175781,110.94999694824219,1124100.0,110.13662719726562
520,2021-01-26,111.41000366210938,109.16000366210938,111.0199966430664,109.5199966430664,1078800.0,108.71710968017578
521,2021-01-27,112.9000015258789,108.54000091552734,108.80000305175781,110.51000213623047,2797100.0,109.69985961914062
522,2021-01-28,111.37999725341797,108.9000015258789,110.23999786376953,109.30000305175781,2741200.0,108.49873352050781
523,2021-01-29,109.22000122070312,107.0199966430664,108.55999755859375,107.18000030517578,2144500.0,106.39427185058594
524,2021-02-01,109.05999755859375,106.94999694824219,107.04000091552734,108.70999908447266,1548300.0,107.91304779052734
525,2021-02-02,111.76000213623047,109.55000305175781,110.33000183105469,110.79000091552734,2057100.0,109.9778060913086
526,2021-02-03,110.83999633789062,108.41000366210938,109.88999938964844,109.0,1702700.0,108.200927734375
527,2021-02-04,109.6500015258789,106.06999969482422,108.86000061035156,107.12999725341797,2767000.0,106.34463500976562
528,2021-02-05,107.87999725341797,106.51000213623047,107.06999969482422,106.91999816894531,1742700.0,106.13616943359375
529,2021-02-08,107.45999908447266,105.94999694824219,107.0,107.37999725341797,1909200.0,106.5927963256836
530,2021-02-09,108.48999786376953,107.2699966430664,107.4800033569336,107.87999725341797,1054700.0,107.0891342163086
531,2021-02-10,107.8499984741211,105.37000274658203,107.5999984741211,105.5999984741211,1879200.0,104.82585144042969
532,2021-02-11,105.62000274658203,103.3499984741211,105.0,104.4800033569336,2020300.0,103.71406555175781
533,2021-02-12,105.12000274658203,103.52999877929688,104.12000274658203,104.43000030517578,1202600.0,103.6644287109375
534,2021-02-16,105.0,103.08999633789062,105.0,103.20999908447266,2086200.0,102.453369140625
535,2021-02-17,105.08999633789062,102.55000305175781,102.93000030517578,104.86000061035156,1961600.0,104.09127807617188
536,2021-02-18,105.5,104.1500015258789,104.69000244140625,105.08000183105469,1690900.0,104.30966186523438
537,2021-02-19,105.19999694824219,103.30000305175781,105.19999694824219,103.44999694824219,2574500.0,102.69161224365234
538,2021-02-22,106.25,102.56999969482422,103.26000213623047,105.30999755859375,2217800.0,104.53797149658203
539,2021-02-23,108.54000091552734,105.33999633789062,106.37999725341797,108.01000213623047,2525100.0,107.21818542480469
540,2021-02-24,109.33999633789062,107.55000305175781,107.66000366210938,108.36000061035156,1578800.0,107.56562042236328
541,2021-02-25,110.38999938964844,108.79000091552734,109.0,108.83000183105469,1886700.0,108.03217315673828
542,2021-02-26,109.12000274658203,106.58000183105469,108.54000091552734,106.5999984741211,2795400.0,105.81851959228516
543,2021-03-01,110.62000274658203,107.48999786376953,107.6500015258789,109.72000122070312,1827700.0,108.9156494140625
544,2021-03-02,111.30000305175781,109.01000213623047,109.81999969482422,110.48999786376953,1337300.0,109.68000030517578
545,2021-03-03,112.68000030517578,109.5199966430664,109.93000030517578,111.26000213623047,2045800.0,111.26000213623047
546,2021-03-04,112.41999816894531,107.94000244140625,111.5199966430664,109.3499984741211,2240300.0,109.3499984741211
547,2021-03-05,112.33000183105469,109.48999786376953,110.4000015258789,111.62000274658203,2158300.0,111.62000274658203
548,2021-03-08,116.68000030517578,112.13999938964844,112.72000122070312,113.27999877929688,2971400.0,113.27999877929688
549,2021-03-09,112.81999969482422,111.04000091552734,112.31999969482422,111.58999633789062,2272700.0,111.58999633789062
550,2021-03-10,113.75,110.9000015258789,111.69000244140625,113.70999908447266,3212200.0,113.70999908447266
551,2021-03-11,114.91999816894531,112.77999877929688,112.9800033569336,113.76000213623047,2330100.0,113.76000213623047
552,2021-03-12,115.81999969482422,114.6500015258789,115.0,115.73999786376953,1698400.0,115.73999786376953
553,2021-03-15,117.30000305175781,115.5999984741211,115.68000030517578,117.2699966430664,2110100.0,117.2699966430664
554,2021-03-16,117.01000213623047,115.04000091552734,116.5999984741211,115.83999633789062,3757600.0,115.83999633789062
555,2021-03-17,116.5199966430664,114.61000061035156,116.5199966430664,115.83999633789062,2176400.0,115.83999633789062
556,2021-03-18,117.80000305175781,115.52999877929688,116.5,116.04000091552734,3051400.0,116.04000091552734
557,2021-03-19,115.86000061035156,113.0199966430664,115.31999969482422,113.23999786376953,8754800.0,113.23999786376953
558,2021-03-22,112.8499984741211,111.12999725341797,112.1500015258789,112.23999786376953,2714100.0,112.23999786376953
559,2021-03-23,112.83999633789062,111.47000122070312,111.7699966430664,111.86000061035156,1801800.0,111.86000061035156
560,2021-03-24,113.56999969482422,112.16999816894531,112.47000122070312,112.8499984741211,2653400.0,112.8499984741211
561,2021-03-25,114.77999877929688,112.8499984741211,113.69000244140625,114.70999908447266,1560700.0,114.70999908447266
562,2021-03-26,116.1500015258789,114.58000183105469,114.94999694824219,116.02999877929688,1459300.0,116.02999877929688
563,2021-03-29,117.26000213623047,115.72000122070312,116.05000305175781,116.80000305175781,2648100.0,116.80000305175781
564,2021-03-30,118.05000305175781,116.79000091552734,117.5,117.11000061035156,1531700.0,117.11000061035156
565,2021-03-31,117.0999984741211,114.80000305175781,116.61000061035156,114.9000015258789,2111500.0,114.9000015258789
566,2021-04-01,116.30999755859375,114.37999725341797,114.58999633789062,116.02999877929688,2293000.0,116.02999877929688
567,2021-04-05,117.61000061035156,116.55000305175781,116.79000091552734,117.48999786376953,1266700.0,117.48999786376953
568,2021-04-06,118.30000305175781,117.12999725341797,117.77999877929688,117.83000183105469,1439000.0,117.83000183105469
569,2021-04-07,117.8499984741211,115.69999694824219,117.80999755859375,116.37999725341797,1891600.0,116.37999725341797
570,2021-04-08,117.37000274658203,115.87000274658203,116.0,117.05000305175781,1516000.0,117.05000305175781
571,2021-04-09,118.19000244140625,116.6500015258789,117.69000244140625,117.0999984741211,1630700.0,117.0999984741211
572,2021-04-12,119.62000274658203,117.41999816894531,117.52999877929688,119.36000061035156,1894000.0,119.36000061035156
573,2021-04-13,119.91999816894531,118.29000091552734,118.52999877929688,119.19000244140625,1720900.0,119.19000244140625
574,2021-04-14,120.47000122070312,119.12000274658203,119.36000061035156,120.41999816894531,1683000.0,120.41999816894531
575,2021-04-15,121.62999725341797,119.77999877929688,120.38999938964844,121.58999633789062,1792800.0,121.58999633789062
576,2021-04-16,122.70999908447266,121.75,122.0,122.19999694824219,1856200.0,122.19999694824219
577,2021-04-19,122.95999908447266,121.33999633789062,122.52999877929688,122.83999633789062,1169600.0,122.83999633789062
578,2021-04-20,123.56999969482422,122.25,122.69999694824219,122.87000274658203,1759200.0,122.87000274658203
579,2021-04-21,124.23999786376953,123.19000244140625,123.2300033569336,123.9000015258789,1032800.0,123.9000015258789
580,2021-04-22,124.11000061035156,122.93000030517578,123.25,123.66000366210938,1159700.0,123.66000366210938
581,2021-04-23,125.2699966430664,123.69000244140625,124.08999633789062,125.05000305175781,1181800.0,125.05000305175781
582,2021-04-26,126.2699966430664,125.08999633789062,125.25,125.30000305175781,1537200.0,125.30000305175781
583,2021-04-27,125.91999816894531,125.06999969482422,125.29000091552734,125.83999633789062,1360200.0,125.83999633789062
584,2021-04-28,126.87999725341797,125.12000274658203,126.43000030517578,125.3499984741211,1600100.0,125.3499984741211
585,2021-04-29,127.97000122070312,125.5199966430664,125.5199966430664,127.87000274658203,1066300.0,127.87000274658203
586,2021-04-30,128.0,126.38999938964844,128.0,126.80000305175781,1404800.0,126.80000305175781
587,2021-05-03,129.08999633789062,127.2300033569336,127.54000091552734,128.1300048828125,1575500.0,128.1300048828125
588,2021-05-04,128.57000732421875,127.41999816894531,128.25,127.83999633789062,2195600.0,127.83999633789062
589,2021-05-05,127.76000213623047,125.94000244140625,127.5199966430664,127.44999694824219,1394900.0,127.44999694824219
590,2021-05-06,132.8800048828125,128.0399932861328,128.11000061035156,132.6199951171875,2624100.0,132.6199951171875
591,2021-05-07,132.82000732421875,128.57000732421875,129.74000549316406,132.25999450683594,2104800.0,132.25999450683594
592,2021-05-10,136.17999267578125,133.0,133.0,134.49000549316406,2377400.0,134.49000549316406
