Date,Open,High,Low,Close,Adj Close,Volume
1/25/2017,41.18,41.740002,41.09,41.68,32.949787,2735400
1/26/2017,41.119999,41.43,40.84,41.139999,32.522892,2526800
1/27/2017,41.380001,41.52,41.029999,41.240002,32.601948,1571900
1/30/2017,40.77,40.880001,40.34,40.619999,32.111813,2547300
1/31/2017,41.48,41.669998,40.889999,41.290001,32.641476,3045400
2/1/2017,41.5,41.68,41.009998,41.41,32.736343,1984400
2/2/2017,40.93,41.189999,40.669998,40.93,32.35688,1956600
2/3/2017,39.990002,40.060001,39.240002,39.389999,31.139442,4439900
2/6/2017,39.419998,39.59,39.169998,39.299999,31.0683,1924200
2/7/2017,39.32,39.540001,39.049999,39.18,30.973434,2372800
2/8/2017,38.57,38.880001,38.32,38.700001,30.593975,3255700
2/9/2017,38.560001,39.259998,38.259998,39.209999,30.99715,4426900
2/10/2017,39.68,40.240002,39.599998,40.09,31.692823,4407400
2/13/2017,40.529999,40.639999,40.130001,40.43,31.961615,3084400
2/14/2017,40.360001,40.509998,39.919998,40.470001,31.993233,2193200
2/15/2017,40.73,40.970001,40.549999,40.740002,32.206676,2243900
2/16/2017,41.07,41.23,40.790001,40.990002,32.404312,2743300
2/17/2017,40.27,40.360001,40.07,40.279999,31.843031,2275800
2/21/2017,40.59,40.970001,40.43,40.75,32.214584,2573700
2/22/2017,39.5,39.869999,39.48,39.810001,31.471478,4035600
2/23/2017,40.389999,40.470001,38.959999,39.110001,30.918095,3999900
2/24/2017,38.130001,38.330002,37.830002,37.970001,30.016876,3276900
2/27/2017,38.240002,38.790001,38.119999,38.599998,30.514917,3363700
2/28/2017,37.630001,37.880001,37.52,37.82,29.898298,4573100
3/1/2017,38.57,38.990002,38.529999,38.82,30.688839,5016600
3/2/2017,38.650002,38.919998,37.970001,38.029999,30.06431,4893400
3/3/2017,38.509998,39.119999,38.470001,39.060001,30.878565,3187700
3/6/2017,38.389999,38.509998,38.099998,38.34,30.309376,2462000
3/7/2017,38.450001,38.509998,38.040001,38.16,30.16708,3251800
3/8/2017,37.450001,37.540001,36.380001,36.439999,29.424208,3377900
3/9/2017,35.869999,36.119999,35.389999,35.669998,28.802454,4457200
3/10/2017,36.049999,36.049999,35.380001,35.639999,28.778231,3765500
3/13/2017,36.389999,36.610001,36.209999,36.380001,29.375765,2596300
3/14/2017,35.970001,36.259998,35.68,36.150002,29.190044,3928100
3/15/2017,36.73,38.040001,36.389999,37.959999,30.651564,3392200
3/16/2017,38.290001,38.380001,37.849998,37.91,30.611191,4781100
3/17/2017,38.209999,38.349998,38.110001,38.18,30.829206,1981400
3/20/2017,38.110001,38.540001,38.040001,38.450001,31.047222,2384200
3/21/2017,38.18,38.279999,36.919998,36.959999,29.844093,3674700
3/22/2017,36.709999,37.200001,36.5,37.07,29.932913,2914200
3/23/2017,36.98,37.119999,36.650002,36.82,29.731047,2354100
3/24/2017,36.619999,36.779999,36.310001,36.509998,29.480726,2885500
3/27/2017,35.419998,35.939999,35.18,35.830002,28.931652,3256800
3/28/2017,36.029999,36.720001,35.91,36.529999,29.496878,4391400
3/29/2017,36.43,37.150002,36.369999,36.889999,29.787571,2197300
3/30/2017,36.889999,37.279999,36.77,36.900002,29.795645,2075500
3/31/2017,36.389999,36.59,36.23,36.32,29.327311,1873500
4/3/2017,36.490002,36.599998,35.98,36.439999,29.424208,1827700
4/4/2017,36.639999,36.919998,36.529999,36.860001,29.763344,1422800
4/5/2017,37.66,38.119999,37.009998,37.119999,29.973289,3291300
4/6/2017,37.400002,37.59,37,37.16,30.005589,2417600
4/7/2017,36.84,37.700001,36.810001,36.970001,29.852171,3362700
4/10/2017,38.009998,38.470001,37.880001,38.259998,30.893801,4194500
4/11/2017,38.439999,38.5,37.779999,38.389999,30.99877,3984200
4/12/2017,37.18,37.43,36.360001,36.580002,29.537258,7740200
4/13/2017,36.580002,36.75,36.080002,36.09,29.141594,2359900
4/17/2017,36.349998,36.490002,36.009998,36.25,29.27079,1825100
4/18/2017,35.52,35.93,35.220001,35.57,28.72171,3379300
4/19/2017,35.900002,36.07,35.299999,35.439999,28.616735,2345700
4/20/2017,35.689999,36.029999,35.580002,35.990002,29.060848,3600500
4/21/2017,36.009998,36.060001,35.57,35.759998,28.875128,3529800
4/24/2017,36.349998,36.470001,36.150002,36.16,29.198112,3125200
4/25/2017,36.099998,36.360001,35.939999,36.34,29.343464,2577600
4/26/2017,35.630001,36.299999,35.630001,36.049999,29.109295,2821100
4/27/2017,35.580002,35.599998,34.630001,35.009998,28.269526,4570200
4/28/2017,35.369999,35.77,35.279999,35.599998,28.74593,2131500
5/1/2017,35.799999,36.060001,35.68,35.84,28.939726,1806000
5/2/2017,35.099998,35.529999,35.099998,35.380001,28.568295,3428500
5/3/2017,34.349998,34.669998,34.139999,34.18,27.599331,3509500
5/4/2017,33.57,34,33.369999,33.82,27.308636,5071100
5/5/2017,34.029999,34.490002,34,34.490002,27.849646,3375800
5/8/2017,33.950001,34.110001,33.880001,34.029999,27.478207,1949200
5/9/2017,34.57,34.720001,34.310001,34.400002,27.776972,2603900
5/10/2017,34.98,35.209999,34.759998,35.099998,28.342197,2700800
5/11/2017,35.119999,35.189999,34.849998,35.18,28.406792,2118800
5/12/2017,34.959999,35.299999,34.919998,35.200001,28.422943,2203800
5/15/2017,35.740002,35.889999,35.59,35.700001,28.826681,1809200
5/16/2017,35.990002,36.27,35.919998,36.09,29.141594,1935000
5/17/2017,35.650002,35.950001,35.419998,35.419998,28.600586,2392200
5/18/2017,35.450001,36.099998,35.27,35.900002,28.988174,2803100
5/19/2017,36.310001,36.93,36.299999,36.709999,29.642223,2587200
5/22/2017,36.889999,36.959999,36.68,36.889999,29.787571,1669500
5/23/2017,36.59,36.779999,36.330002,36.66,29.601854,2693900
5/24/2017,36.330002,36.669998,36.27,36.490002,29.464582,2482600
5/25/2017,36.66,37.02,36.18,36.209999,29.238489,2488200
5/26/2017,36.049999,36.16,35.77,35.84,28.939726,1350500
5/30/2017,36.009998,36.099998,35.84,35.970001,29.044697,925000
5/31/2017,35.57,35.57,35.029999,35.09,28.334126,2700500
6/1/2017,35.099998,35.560001,34.98,35.209999,28.431023,2351200
6/2/2017,35.200001,35.650002,35.099998,35.470001,28.640965,2087500
6/5/2017,35.189999,35.299999,34.939999,35.07,28.317974,1570200
6/6/2017,35.02,35.369999,34.98,35.220001,28.439096,2566100
6/7/2017,35.25,35.439999,34.59,34.880001,28.164555,3696800
6/8/2017,34.950001,35.689999,34.900002,35.59,28.73786,3241600
6/9/2017,35.259998,35.73,35.23,35.389999,28.576365,2083600
6/12/2017,35.380001,35.5,35.080002,35.080002,28.32605,2060700
6/13/2017,35.450001,35.540001,35.310001,35.52,28.681337,2546600
6/14/2017,35.830002,35.849998,34.849998,35.060001,28.309902,3478200
6/15/2017,34.560001,34.619999,34.169998,34.52,27.873863,2366500
6/16/2017,34.790001,34.860001,34.470001,34.700001,28.019213,4049200
6/19/2017,34.84,35.23,34.810001,34.91,28.188778,4031900
6/20/2017,34.130001,34.150002,33.5,33.689999,27.203663,5120400
6/21/2017,33.950001,34.209999,33.419998,33.669998,27.187517,4755800
6/22/2017,33.5,34.060001,33.419998,33.939999,27.405529,4502700
6/23/2017,33.939999,34.259998,33.860001,34.16,27.583174,1791800
6/26/2017,34.32,34.380001,33.740002,33.98,27.43783,1855900
6/27/2017,34.650002,35.029999,34.400002,34.41,27.785046,4830400
6/28/2017,35.07,35.650002,35.049999,35.459999,28.632891,4056700
6/29/2017,35.82,36.080002,35.349998,35.610001,28.754011,2187700
6/30/2017,35.810001,35.880001,35.360001,35.59,28.73786,2065800
7/3/2017,35.939999,36.360001,35.919998,36.18,29.214264,1353700
7/5/2017,37.02,37.02,36.299999,36.400002,29.391911,4879900
7/6/2017,36.400002,37.470001,36.400002,36.950001,29.836021,4218100
7/7/2017,37.080002,37.290001,36.779999,37.220001,30.054037,2489900
7/10/2017,36.77,37.849998,36.759998,37.639999,30.393171,2167200
7/11/2017,37.810001,38.259998,37.59,38.169998,30.821133,2667100
7/12/2017,38.470001,38.82,38.419998,38.470001,31.063377,2886300
7/13/2017,38.529999,38.799999,38.259998,38.639999,31.200636,2104500
7/14/2017,39.25,39.549999,39.240002,39.400002,31.814322,2238600
7/17/2017,39.639999,39.919998,39.599998,39.639999,32.00811,2234400
7/18/2017,39.25,39.59,39.18,39.43,31.838541,2341000
7/19/2017,39.540001,39.869999,39.48,39.810001,32.145386,2237200
7/20/2017,39.540001,39.66,39.029999,39.209999,31.660902,2464800
7/21/2017,39.150002,39.16,38.709999,38.790001,31.321758,2473900
7/24/2017,38.740002,38.919998,38.509998,38.889999,31.402512,1941900
7/25/2017,39.939999,40.450001,39.869999,40.209999,32.468372,5002700
7/26/2017,40.450001,40.919998,40.299999,40.759998,32.912476,2841400
7/27/2017,41.150002,41.189999,40.450001,40.799999,32.944778,2110800
7/28/2017,40.810001,41.220001,40.73,41.139999,33.219315,1985900
7/31/2017,41.540001,41.77,41.389999,41.66,33.639198,2031800
8/1/2017,41.619999,41.639999,41.16,41.389999,33.421188,1408500
8/2/2017,40.889999,41.200001,40.740002,41.16,33.235466,1658800
8/3/2017,40.919998,41.09,40.700001,40.799999,32.944778,1473500
8/4/2017,40.950001,41.299999,40.759998,41.209999,33.275841,1757900
8/7/2017,41.5,42,41.48,41.990002,33.90567,1930400
8/8/2017,41.330002,41.68,41.189999,41.470001,33.485783,1803400
8/9/2017,41.220001,41.369999,41.07,41.360001,33.396957,1368100
8/10/2017,41.080002,41.16,40.619999,40.619999,32.799431,2025800
8/11/2017,39.900002,40.490002,39.75,40.349998,32.581417,2326600
8/14/2017,40.610001,40.849998,40.41,40.459999,32.670238,1743100
8/15/2017,39.860001,40.110001,39.669998,40.07,32.35532,2054700
8/16/2017,40.450001,41.18,40.41,41.169998,33.243538,2400200
8/17/2017,40.860001,40.880001,40.439999,40.459999,32.670238,1807400
8/18/2017,40.310001,40.650002,40.220001,40.400002,32.621792,1831100
8/21/2017,40.610001,40.990002,40.5,40.91,33.033596,1847700
8/22/2017,41.52,41.84,41.380001,41.41,33.437336,2931800
8/23/2017,41.279999,41.849998,41.220001,41.75,33.711868,3128500
8/24/2017,41.84,41.880001,41.59,41.709999,33.679573,2972100
8/25/2017,42.59,43.599998,42.419998,42.560001,34.365925,5244300
8/28/2017,42.830002,42.919998,42.459999,42.830002,34.58395,2269100
8/29/2017,42.599998,43.09,42.529999,43,34.72121,1884400
8/30/2017,43,43.130001,42.779999,42.82,34.575867,2576800
8/31/2017,43.450001,43.630001,43.34,43.5,35.124947,3882400
9/1/2017,43.880001,44.240002,43.68,44.16,35.657879,2426900
9/5/2017,44.299999,44.529999,43.700001,44.07,35.585205,3929000
9/6/2017,44.169998,44.619999,44.110001,44.540001,35.964718,2255600
9/7/2017,43.860001,44.200001,43.720001,44.150002,36.351696,2365500
9/8/2017,43.66,43.66,42.630001,42.990002,35.396591,4715500
9/11/2017,42.98,43.830002,42.939999,43.700001,35.981186,3382800
9/12/2017,44.009998,44.25,43.919998,43.950001,36.187027,2198100
9/13/2017,43.389999,43.540001,43.07,43.259998,35.6189,2330300
9/14/2017,42.490002,42.59,42.279999,42.57,35.050777,2673500
9/15/2017,42.099998,42.330002,41.82,41.82,34.433247,2162600
9/18/2017,41.900002,42.290001,41.849998,42.27,34.803768,2113700
9/19/2017,42.16,42.299999,42.009998,42.23,34.770836,2787400
9/20/2017,42.400002,42.57,41.639999,42.049999,34.622627,2317400
9/21/2017,41.799999,41.98,41.68,41.700001,34.334446,2588200
9/22/2017,41.619999,41.98,41.540001,41.68,34.317982,1885600
9/25/2017,41.549999,41.639999,41.02,41.27,33.9804,1931400
9/26/2017,41.02,41.139999,40.540001,40.540001,33.379345,3254900
9/27/2017,40.68,40.77,40.279999,40.540001,33.379345,2167700
9/28/2017,40,40.639999,39.919998,40.490002,33.338173,2179800
9/29/2017,40.68,40.73,40.369999,40.529999,33.371105,2225200
10/2/2017,40.779999,40.98,40.669998,40.860001,33.642818,2164300
10/3/2017,41.009998,41.119999,40.849998,41.07,33.815727,1472600
10/4/2017,41.169998,41.400002,41.040001,41.130001,33.865124,1726400
10/5/2017,41.389999,41.509998,41.209999,41.25,33.963932,1847000
10/6/2017,41.16,41.34,41,41.34,34.038036,1538800
10/9/2017,41.68,41.73,41,41.110001,33.84866,2435100
10/10/2017,41.57,41.93,41.439999,41.529999,34.194473,3517900
10/11/2017,41.200001,41.25,40.650002,40.919998,33.692219,3144400
10/12/2017,40.91,41.290001,40.830002,41.029999,33.782791,1587600
10/13/2017,42.009998,42.360001,41.98,42.200001,34.746132,2616300
10/16/2017,42.990002,43.139999,42.389999,42.650002,35.11665,3548200
10/17/2017,42.610001,42.650002,42.23,42.419998,34.927269,2326500
10/18/2017,42.119999,42.189999,41.27,41.5,34.169773,5225600
10/19/2017,41.369999,41.790001,41.299999,41.560001,34.219177,2898100
10/20/2017,41.77,41.77,41.110001,41.27,33.9804,2343200
10/23/2017,41.27,41.369999,41.150002,41.220001,33.939232,1556400
10/24/2017,41.259998,41.549999,41.25,41.529999,34.194473,1309200
10/25/2017,41.130001,41.189999,40.419998,40.75,33.55225,2173800
10/26/2017,41.290001,41.290001,40.75,40.880001,33.659283,2562000
10/27/2017,40.400002,40.720001,40.189999,40.66,33.478149,2182600
10/30/2017,40.669998,41.080002,40.630001,40.790001,33.585182,2065900
10/31/2017,40.830002,41.099998,40.630001,40.98,33.741619,1328400
11/1/2017,42.419998,42.529999,41.939999,42.029999,34.606155,4202800
11/2/2017,42.139999,42.950001,42.139999,42.799999,35.24015,3130900
11/3/2017,42.509998,42.580002,41.970001,42.150002,34.704964,2127600
11/6/2017,43.240002,43.549999,43.099998,43.41,35.742409,3954800
11/7/2017,43.610001,43.68,42.880001,43.23,35.5942,2640400
11/8/2017,43.299999,43.799999,43.040001,43.779999,36.04705,3428600
11/9/2017,42.700001,42.939999,42.459999,42.91,35.330723,3220900
11/10/2017,43.009998,43.02,42.470001,42.779999,35.223682,1666800
11/13/2017,42.369999,42.860001,42.310001,42.700001,35.157814,2134300
11/14/2017,42.150002,42.18,41.419998,41.689999,34.326214,2795400
11/15/2017,40.990002,41.310001,40.720001,41.209999,33.930996,2540100
11/16/2017,41.439999,41.439999,41.02,41.380001,34.070972,3029400
11/17/2017,41.299999,41.41,41.139999,41.380001,34.070972,2183900
11/20/2017,41,41.130001,40.790001,41.119999,33.856892,2211300
11/21/2017,41.639999,41.91,41.540001,41.66,34.301517,1792000
11/22/2017,42.25,42.400002,42.080002,42.27,34.803768,1021200
11/24/2017,42.700001,42.900002,42.630001,42.709999,35.16605,640900
11/27/2017,42.529999,42.630001,41.889999,41.889999,34.490887,1936000
11/28/2017,41.450001,42.009998,41.310001,42,34.581451,2445100
11/29/2017,41.400002,41.66,41.130001,41.439999,34.120365,3097400
11/30/2017,41.41,41.720001,41.400002,41.549999,34.210941,1662000
12/1/2017,41.669998,42.119999,41.41,41.959999,34.548523,2438900
12/4/2017,42.080002,42.34,41.950001,42.099998,34.663788,2409100
12/5/2017,41.650002,41.790001,41.369999,41.41,34.095673,2052800
12/6/2017,41.220001,41.439999,40.93,41.110001,33.84866,2420100
12/7/2017,40.68,41.110001,40.580002,41.040001,33.791023,1764500
12/8/2017,41.32,41.459999,41.029999,41.060001,33.807495,1401800
12/11/2017,41.540001,41.880001,41.43,41.630001,34.276817,1616200
12/12/2017,41.68,41.939999,41.59,41.91,34.507351,1426000
12/13/2017,42.09,42.540001,41.990002,42.360001,34.877872,1785300
12/14/2017,42.450001,42.790001,42.330002,42.34,34.861404,2305100
12/15/2017,42.709999,43.299999,42.66,43.080002,35.470695,3545200
12/18/2017,43.32,43.889999,43.32,43.619999,35.915314,1643100
12/19/2017,42.900002,43.34,42.790001,43.290001,35.643604,1662700
12/20/2017,43.669998,44.299999,43.549999,44.139999,36.343468,2524200
12/21/2017,44.619999,45.23,44.48,45.060001,37.100967,2580200
12/22/2017,45.009998,45.099998,44.740002,45,37.051559,1066100
12/26/2017,45.029999,45.529999,44.639999,45.349998,37.339741,928900
12/27/2017,45.549999,45.880001,45.540001,45.77,37.685558,1006200
12/28/2017,46.240002,46.439999,46.09,46.380001,38.187809,1398500
12/29/2017,46.610001,46.639999,45.810001,45.990002,37.866699,1452700
1/2/2018,46.75,47.529999,46.619999,47.52,39.12645,2651100
1/3/2018,47.66,47.799999,47.279999,47.709999,39.28289,2491300
1/4/2018,47.950001,48.09,47.73,47.799999,39.356991,2362300
1/5/2018,47.860001,48.150002,47.619999,48.139999,39.63694,1297400
1/8/2018,48.509998,48.59,48.349998,48.5,39.93335,2835500
1/9/2018,48.799999,49.18,48.650002,48.84,40.213299,2270900
1/10/2018,48.919998,49.060001,48.73,48.869999,40.237991,2263800
1/11/2018,49.330002,49.810001,49.259998,49.669998,40.896694,4186500
1/12/2018,50.139999,50.790001,50.060001,50.689999,41.736526,3851700
1/16/2018,49.849998,50.290001,49.080002,49.209999,40.517944,4617000
1/17/2018,49.52,49.84,49.189999,49.439999,40.707317,2968900
1/18/2018,49.360001,49.580002,48.919998,49.330002,40.616745,2166700
1/19/2018,49.669998,49.91,49.509998,49.650002,40.88023,1224800
1/22/2018,49.360001,49.490002,49.16,49.439999,40.707317,2086100
1/23/2018,48.91,48.990002,48.369999,48.75,40.139191,3096600
1/24/2018,49.52,49.779999,49.200001,49.66,40.888458,2957700
1/25/2018,50,50.16,48.849998,48.91,40.270927,2024100
1/26/2018,49.490002,50.029999,49.360001,50,41.1684,1711300
1/29/2018,50.259998,50.279999,49.380001,49.48,40.740246,2347000
1/30/2018,49.310001,49.34,48.75,48.91,40.270927,2111000
1/31/2018,49.099998,49.330002,48.700001,49.02,40.361504,2142200
2/1/2018,48.759998,49.380001,48.73,49.310001,40.600277,2111900
2/2/2018,48.869999,48.889999,47.73,47.830002,39.381699,2318900
2/5/2018,47.889999,48.52,46.299999,46.470001,38.261913,2593500
2/6/2018,46.099998,47.959999,46.009998,47.73,39.299355,3651800
2/7/2018,46.84,47.240002,46.200001,46.400002,38.204277,2379000
2/8/2018,46.16,46.259998,44.73,44.759998,36.853954,3575800
2/9/2018,45.400002,46,44.07,45.759998,37.677322,4471400
2/12/2018,45.98,46.919998,45.970001,46.799999,38.533623,2689800
2/13/2018,46.869999,47.91,46.779999,47.740002,39.30759,3723000
2/14/2018,47.09,49.650002,47.02,49.279999,40.575573,6882700
2/15/2018,49.889999,50.040001,49.169998,49.91,41.094296,3254700
2/16/2018,49.25,49.57,48.32,48.689999,40.089794,4189300
2/20/2018,46.98,47.099998,46.349998,46.549999,38.327778,6799400
2/21/2018,46.610001,47.419998,46.279999,46.470001,38.261913,4436000
2/22/2018,46.970001,48.369999,46.970001,47.599998,39.192318,4890900
2/23/2018,47.91,48.299999,47.759998,48.299999,39.768681,1784100
2/26/2018,48.73,49.009998,48.259998,48.860001,40.229763,2388000
2/27/2018,48.52,48.52,47.509998,47.790001,39.348759,2569000
2/28/2018,47.119999,47.330002,46.48,46.5,38.286617,2512100
3/1/2018,45.889999,46.360001,45.290001,45.720001,37.644386,5067800
3/2/2018,45.18,45.5,44.529999,45.43,37.405609,4633300
3/5/2018,45.099998,45.77,44.84,45.700001,37.627914,2364700
3/6/2018,46.619999,47.07,46.470001,46.669998,38.426582,2606600
3/7/2018,45.919998,46.290001,45.110001,45.900002,37.792599,3416300
3/8/2018,44.720001,44.73,44.200001,44.700001,37.708233,4494700
3/9/2018,45.220001,45.68,45,45.279999,38.197514,2579000
3/12/2018,45.400002,45.73,45.130001,45.459999,38.349361,1998800
3/13/2018,45.830002,45.900002,44.73,44.799999,37.792595,3026900
3/14/2018,45.889999,45.889999,44.970001,45.16,38.096279,2038600
3/15/2018,45.099998,45.470001,44.990002,45.209999,38.138462,1481600
3/16/2018,45.240002,45.639999,45.110001,45.419998,38.315617,1410200
3/19/2018,44.84,44.849998,43.740002,44.209999,37.294872,3248900
3/20/2018,44.389999,44.84,44.110001,44.669998,37.682922,3400700
3/21/2018,44.669998,46.009998,44.639999,45.82,38.653046,4506400
3/22/2018,44.759998,44.790001,43.790001,44.009998,37.126163,4352100
3/23/2018,44.509998,45.009998,43.950001,44,37.117722,2579100
3/26/2018,44.66,44.84,44.110001,44.82,37.809464,1707500
3/27/2018,45.240002,45.290001,43.900002,44.099998,37.202084,2537400
3/28/2018,43.77,43.950001,43.349998,43.490002,36.6875,2825200
3/29/2018,44.189999,44.650002,43.91,44.43,37.480465,3196100
4/2/2018,44.400002,44.549999,43.48,43.68,36.847778,2933200
4/3/2018,44.290001,44.73,43.849998,44.139999,37.235828,2506300
4/4/2018,43.349998,44.389999,43.23,44.360001,37.421413,1949100
4/5/2018,44.27,44.630001,44.18,44.48,37.522644,2727900
4/6/2018,44.18,44.380001,43.400002,43.639999,36.814037,2325600
4/9/2018,43.459999,44.049999,43.099998,43.630001,36.805599,2861800
4/10/2018,45.209999,46.130001,45.209999,45.790001,38.627743,3445500
4/11/2018,45.740002,46.400002,45.650002,46.110001,38.897686,2592000
4/12/2018,45.869999,46.369999,45.68,46.220001,38.990486,1856300
4/13/2018,46.75,47.009998,46.639999,46.799999,39.479759,3725800
4/16/2018,47.049999,47.099998,46.02,46.279999,39.041096,3109900
4/17/2018,46.580002,46.75,46.400002,46.669998,39.370094,2166100
4/18/2018,47.810001,48.639999,47.799999,48.130001,40.601734,4683200
4/19/2018,48.25,48.48,47.580002,47.75,40.281166,2680400
4/20/2018,48,48.029999,47.57,47.700001,40.238995,2705900
4/23/2018,47.41,47.669998,47.110001,47.25,39.859375,1742300
4/24/2018,48.09,48.380001,47.209999,47.57,40.129322,2484000
4/25/2018,47.290001,47.419998,46.84,47.25,39.859375,1259500
4/26/2018,47.740002,47.790001,47.189999,47.41,39.99435,1186500
4/27/2018,46.66,46.740002,46.330002,46.529999,39.251987,2166300
4/30/2018,46.630001,47.119999,46.580002,46.75,39.437588,1651800
5/1/2018,46.380001,46.419998,45.689999,46.299999,39.057968,1588700
5/2/2018,47,47.43,46.860001,46.950001,39.6063,1588700
5/3/2018,47.299999,47.82,46.860001,47.650002,40.196808,2220800
5/4/2018,47.560001,48.450001,47.41,48.27,40.71983,1987600
5/7/2018,48.259998,48.400002,47.689999,47.849998,40.365524,1546400
5/8/2018,47.689999,47.689999,47.099998,47.59,40.146194,1323300
5/9/2018,48.310001,49.209999,48.25,49.150002,41.462189,2581700
5/10/2018,49.41,49.959999,49.240002,49.880001,42.078007,2527500
5/11/2018,50.689999,50.990002,50.369999,50.41,42.525105,2890700
5/14/2018,50.950001,51.52,50.950001,51.189999,43.183094,2223200
5/15/2018,50.509998,50.869999,50.220001,50.669998,42.744434,2856700
5/16/2018,51.419998,51.830002,51.400002,51.470001,43.4193,2603200
5/17/2018,51.360001,51.709999,51.099998,51.380001,43.34338,2538800
5/18/2018,50.900002,51.139999,50.540001,50.810001,42.862534,1565000
5/21/2018,51.310001,51.73,51.240002,51.490002,43.43618,1650200
5/22/2018,51.959999,52.139999,51.099998,51.139999,43.140919,2941100
5/23/2018,50.700001,51.02,50.209999,50.990002,43.014385,2334000
5/24/2018,50.369999,50.939999,50.150002,50.880001,42.921585,2160300
5/25/2018,49.900002,49.900002,48.889999,49.02,41.352524,3588200
5/29/2018,48.360001,48.799999,47.950001,48.139999,40.610161,2064100
5/30/2018,48.799999,49.650002,48.619999,49.43,41.698383,1767100
5/31/2018,49.82,50.049999,49.529999,49.779999,41.993645,2011700
6/1/2018,50.310001,50.470001,50.049999,50.240002,42.381691,1907300
6/4/2018,50.560001,50.700001,50.130001,50.189999,42.339512,1380200
6/5/2018,50.380001,50.630001,50.310001,50.560001,42.651642,1742800
6/6/2018,51.23,51.959999,51.23,51.950001,43.824226,2852200
6/7/2018,51.700001,52.169998,51.549999,51.759998,43.66394,2757500
6/8/2018,51.580002,51.779999,51.389999,51.669998,43.588017,1229500
6/11/2018,51.84,52.02,51.599998,51.830002,43.722996,780300
6/12/2018,51.189999,51.439999,50.880001,51.139999,43.140919,1900800
6/13/2018,50.919998,51.169998,50.580002,50.689999,42.761303,2372200
6/14/2018,50.709999,50.990002,50.310001,50.360001,42.482925,1449600
6/15/2018,49.290001,49.32,48.330002,48.700001,41.082573,3335100
6/18/2018,48.310001,49.080002,48.200001,48.970001,41.310341,1863700
6/19/2018,47.369999,47.77,47.099998,47.639999,40.18837,2728400
6/20/2018,47.990002,48.060001,47.450001,47.77,40.298038,1995300
6/21/2018,47.810001,48.119999,47.650002,47.880001,40.390835,1859500
6/22/2018,48.889999,49.130001,48.459999,48.93,41.276596,2550300
6/25/2018,47.880001,47.970001,47.34,47.639999,40.18837,3111400
6/26/2018,48.07,49.02,47.91,48.830002,41.192242,4752300
6/27/2018,49.200001,50.139999,49.16,49.310001,41.597164,4508900
6/28/2018,49.099998,50.07,48.950001,50.02,42.196106,4189100
6/29/2018,50.360001,50.75,49.919998,50.009998,42.187664,1389100
7/2/2018,48.740002,48.98,48.259998,48.57,40.972904,3031000
7/3/2018,49.77,49.799999,48.619999,48.709999,41.091007,1670500
7/5/2018,48.93,49.099998,48.509998,48.689999,41.074135,2213600
7/6/2018,48.599998,50,48.490002,49.580002,41.824928,2308500
7/9/2018,50.27,51.009998,50.16,50.830002,42.879414,1932200
7/10/2018,50.720001,51.220001,50.650002,51.18,43.174664,2070800
7/11/2018,49.639999,49.669998,48.740002,48.970001,41.310341,3847900
7/12/2018,49.389999,49.669998,49.040001,49.650002,41.88398,2446800
7/13/2018,49.09,49.209999,48.68,49.119999,41.436874,1978800
7/16/2018,48.669998,48.709999,48.07,48.48,40.89698,2119700
7/17/2018,48.049999,48.889999,47.970001,48.73,41.10788,2159000
7/18/2018,49.09,49.98,48.98,49.84,42.044262,2217300
7/19/2018,48.580002,48.869999,48.169998,48.470001,40.888554,3109300
7/20/2018,47.779999,48.52,47.759998,48.48,40.89698,3103400
7/23/2018,48.470001,48.599998,47.990002,48.23,40.686089,2519700
7/24/2018,50.150002,50.700001,50.110001,50.139999,42.297333,3011500
7/25/2018,49.68,50.599998,49.57,50.57,42.660076,1311000
7/26/2018,49.68,50.330002,49.580002,50.049999,42.221413,1778600
7/27/2018,51,51.43,50.59,50.759998,42.820358,1767200
7/30/2018,51.049999,51.650002,51.009998,51.299999,43.27589,2496200
7/31/2018,52.220001,52.619999,52.099998,52.259998,44.085735,2081500
8/1/2018,51.369999,51.459999,50.880001,51.220001,43.208408,2335600
8/2/2018,49.5,50.02,49.299999,49.959999,42.145489,2661800
8/3/2018,50,50.549999,49.869999,50.380001,42.499794,1653500
8/6/2018,49.860001,50.049999,49.630001,49.810001,42.018955,1853600
8/7/2018,51.240002,51.349998,50.470001,50.57,42.660076,1978800
8/8/2018,50.650002,50.68,49.860001,50.310001,42.440746,2304000
8/9/2018,50.290001,50.419998,49.970001,50.139999,42.297333,1459900
8/10/2018,48.900002,49.310001,48.849998,49.189999,41.495926,1692600
8/13/2018,49.209999,49.360001,48.57,48.630001,41.023525,1765900
8/14/2018,49.150002,49.580002,48.950001,49.34,41.622463,2024700
8/15/2018,47.48,47.549999,46.330002,46.959999,39.614738,4453100
8/16/2018,47.509998,47.790001,47.209999,47.27,39.876247,2140700
8/17/2018,47.07,48.07,46.939999,47.919998,40.424572,2293700
8/20/2018,48.470001,48.549999,48.119999,48.310001,40.753574,1472700
8/21/2018,48.02,48.02,47.240002,47.439999,40.019653,2574200
8/22/2018,48.07,48.330002,47.880001,48.200001,40.660786,2548900
8/23/2018,47.779999,47.880001,47.299999,47.330002,39.926861,2610500
8/24/2018,48.18,48.68,48.080002,48.459999,40.880108,1777500
8/27/2018,48.700001,49.209999,48.650002,49.029999,41.360954,1732500
8/28/2018,49.919998,50.080002,49.279999,49.32,41.605595,1459400
8/29/2018,49.400002,49.880001,49.290001,49.779999,41.993645,1240200
8/30/2018,49.200001,49.299999,48.5,48.689999,41.074135,1111600
8/31/2018,48.439999,48.639999,47.880001,48.040001,40.525806,1614700
9/4/2018,47.18,47.299999,46.830002,47.240002,39.850945,2129100
9/5/2018,47.060001,47.439999,46.709999,46.84,39.5135,2596900
9/6/2018,45.650002,45.68,44.66,45.080002,39.080055,2480700
9/7/2018,44.380001,44.59,44.02,44.419998,38.507893,1909400
9/10/2018,44.490002,44.57,43.810001,43.860001,38.022434,1772000
9/11/2018,43.299999,44.150002,43.189999,44.139999,38.265163,1821400
9/12/2018,44.189999,44.73,44.099998,44.68,38.733295,2400400
9/13/2018,45.18,45.259998,44.75,45.09,39.088726,1367700
9/14/2018,45.68,45.77,45.32,45.470001,39.418144,1450300
9/17/2018,45.59,45.93,45.150002,45.23,39.210087,1784000
9/18/2018,45.950001,46.299999,45.82,46.189999,40.04232,1427300
9/19/2018,46.950001,47.57,46.919998,47.32,41.021919,1462300
9/20/2018,48.240002,48.419998,48.07,48.27,41.845482,1462900
9/21/2018,49.119999,49.380001,48.919998,49.220001,42.669037,2003500
9/24/2018,49.470001,49.700001,49.040001,49.189999,42.643028,1479600
9/25/2018,49.990002,50.259998,49.93,49.98,43.327881,2425400
9/26/2018,49.41,50.02,49.290001,49.59,42.989796,2704900
9/27/2018,49.630001,49.830002,49.34,49.540001,42.946445,1799000
9/28/2018,49.419998,50.07,49.369999,49.84,43.20652,2546300
10/1/2018,50.009998,50.68,49.630001,50.43,43.717991,2219700
10/2/2018,50.310001,50.779999,50.240002,50.470001,43.75267,2294800
10/3/2018,50.52,50.669998,49.98,50.080002,43.414581,2413400
10/4/2018,50.700001,50.84,49.830002,50.009998,43.353889,2510800
10/5/2018,49.48,49.48,48.650002,49.18,42.634361,3174000
10/8/2018,48.549999,49.200001,48.330002,49.07,42.539001,2160200
10/9/2018,48.810001,49.639999,48.52,49.220001,42.669037,1745500
10/10/2018,48.639999,48.650002,47.619999,47.639999,41.299328,3929200
10/11/2018,47.450001,48.220001,47.099998,47.689999,41.342674,4551800
10/12/2018,48.380001,48.43,47.290001,47.810001,41.446705,2921100
10/15/2018,47.93,48.470001,47.759998,48.09,41.689434,2404800
10/16/2018,48.27,48.549999,48.169998,48.48,42.027527,2721700
10/17/2018,48.150002,48.16,47.32,47.790001,41.429367,2159500
10/18/2018,47.110001,47.299999,46.310001,46.41,40.23304,3113200
10/19/2018,46.529999,47.009998,46.330002,46.59,40.389076,1852900
10/22/2018,46.650002,47.259998,46.389999,47.09,40.822533,2181400
10/23/2018,45.849998,46.299999,45.099998,46.139999,39.99897,2848000
10/24/2018,45.529999,45.68,44.02,44.040001,38.178474,3294200
10/25/2018,44.549999,44.91,44.34,44.529999,38.603252,3473600
10/26/2018,43.720001,44.790001,43.709999,44.560001,38.629261,3760100
10/29/2018,45.709999,45.720001,43.84,44.290001,38.395199,2885800
10/30/2018,44.529999,45.360001,44.369999,45.32,39.288113,2870600
10/31/2018,45.860001,46.540001,45.740002,46.18,40.033649,3081600
11/1/2018,47.75,48.630001,47.439999,48.5,42.044868,4516600
11/2/2018,48.73,49.009998,47.84,48.060001,41.663429,2600200
11/5/2018,48.810001,49.02,48.139999,48.400002,41.958179,2411400
11/6/2018,48.259998,48.419998,47.82,48.07,41.672096,2204200
11/7/2018,49,49.099998,48.439999,48.939999,42.426304,1690500
11/8/2018,48.82,49.02,48.029999,48.16,41.750118,1347300
11/9/2018,47.200001,47.299999,46.73,47.150002,40.87455,2636000
11/12/2018,47.849998,47.880001,47.139999,47.150002,40.87455,2089800
11/13/2018,47.130001,47.43,46.5,46.689999,40.475773,2215100
11/14/2018,46.189999,46.5,45.889999,46.369999,40.19836,1922700
11/15/2018,46.279999,47.27,45.93,47.119999,40.848537,2032000
11/16/2018,47.349998,47.98,47.27,47.790001,41.429367,2636100
11/19/2018,47.68,47.889999,47.43,47.57,41.238647,2642400
11/20/2018,46.639999,46.779999,45.759998,46,39.877609,3371700
11/21/2018,46.439999,47,46.41,46.630001,40.423756,2681700
11/23/2018,45.060001,45.139999,44.16,44.77,38.811314,2288800
11/26/2018,44.419998,44.75,44.099998,44.48,38.55991,2033800
11/27/2018,43.990002,44.18,43.650002,44.139999,38.265163,3234300
11/28/2018,44.48,45.540001,43.759998,45.540001,39.478832,3663300
11/29/2018,45.09,45.32,44.66,44.98,38.993366,2663000
11/30/2018,44.18,44.43,43.91,44.360001,38.455879,3478800
12/3/2018,46.849998,47.07,46.32,46.5,40.311054,2648800
12/4/2018,46.560001,47.049999,45.779999,45.880001,39.773579,3271900
12/6/2018,44.220001,44.889999,43.919998,44.869999,38.898006,5012100
12/7/2018,45.650002,45.959999,44.5,44.580002,38.646599,4016700
12/10/2018,45.16,45.34,44.279999,44.900002,38.924011,6519900
12/11/2018,45.939999,46.169998,45.389999,45.91,39.79958,5913500
12/12/2018,46.93,47.16,46.529999,46.610001,40.406414,4617300
12/13/2018,47.650002,47.77,47.169998,47.689999,41.342674,4911300
12/14/2018,46.610001,46.740002,46.040001,46.16,40.016308,3457600
12/17/2018,47.810001,48.18,46.84,46.990002,40.73584,6134400
12/18/2018,47.759998,48.18,47.18,47.419998,41.108608,5473900
12/19/2018,48.139999,48.720001,46.959999,47.139999,40.865875,6645600
12/20/2018,47.470001,47.549999,46.380001,46.77,40.545124,4711600
12/21/2018,47.380001,48.32,46.900002,47.099998,40.831196,4585900
12/24/2018,47.240002,47.580002,46.169998,46.23,40.076996,1714000
12/26/2018,46.330002,48.32,45.970001,48.299999,41.871483,2901200
12/27/2018,46.830002,47.959999,46.779999,47.950001,41.568069,3187200
12/28/2018,48.32,48.34,47.75,47.919998,41.542061,2390300
12/31/2018,48.52,48.549999,47.709999,48.290001,41.862816,1587600
1/2/2019,46.639999,47.900002,46.450001,47.860001,41.490047,2003600
1/3/2019,47.25,47.380001,46.299999,46.389999,40.215698,3951500
1/4/2019,48.02,49.549999,47.860001,49.220001,42.669037,3996400
1/7/2019,49.369999,49.939999,49.099998,49.48,42.894436,3078700
1/8/2019,49.700001,49.959999,49.189999,49.330002,42.764397,2907600
1/9/2019,49.889999,50.07,49.380001,49.599998,42.998463,3829200
1/10/2019,47.09,47.650002,47.02,47.540001,42.980377,2124500
1/11/2019,47.439999,47.490002,47.060001,47.200001,42.672993,1729300
1/14/2019,47.049999,47.610001,46.849998,47.139999,42.618748,1824300
1/15/2019,47.259998,47.82,47.139999,47.529999,42.97134,2630000
1/16/2019,47.459999,47.580002,47.080002,47.34,42.799564,1906300
1/17/2019,47.099998,48.139999,47.099998,47.849998,43.260647,2157700
1/18/2019,48.43,48.470001,47.93,48.040001,43.432426,2379500
1/22/2019,46.830002,46.950001,46.27,46.369999,41.922596,2266900
1/23/2019,46.709999,46.830002,46.209999,46.529999,42.067253,1732000
1/24/2019,46.490002,46.790001,46.490002,46.619999,42.148617,1105000
1/25/2019,47.779999,48.75,47.59,48.209999,43.586117,3779600
1/28/2019,48.23,48.389999,47.919998,48.209999,43.586117,2687000
1/29/2019,49,49.32,48.799999,49.110001,44.399799,3019000
1/30/2019,49.84,51.110001,49.790001,50.73,45.864426,3612500
1/31/2019,50.689999,51.25,50.549999,51.189999,46.280304,2383100
2/1/2019,50.919998,51.27,50.810001,51.09,46.189896,1362600
2/4/2019,50.759998,51.290001,50.610001,51.119999,46.217018,2407900
2/5/2019,51.080002,51.220001,50.950001,51.150002,46.244141,1369200
2/6/2019,50.73,51.290001,50.700001,51.009998,46.117569,2490600
2/7/2019,50.919998,51.02,50.240002,50.470001,45.629364,2324700
2/8/2019,50.389999,50.779999,50.259998,50.700001,45.837303,2416000
2/11/2019,50.540001,50.98,50.529999,50.900002,46.01812,2147300
2/12/2019,51.040001,51.360001,50.91,51.25,46.334553,2396900
2/13/2019,51.869999,52.16,51.639999,51.66,46.705227,2249900
2/14/2019,51.549999,52.18,51.490002,51.970001,46.985497,1329600
2/15/2019,52.5,52.790001,52.169998,52.759998,47.699726,1791000
2/19/2019,52.700001,53.790001,52.639999,53.200001,48.097523,2375700
2/20/2019,53.610001,54.439999,53.48,54.169998,48.974487,2232200
2/21/2019,53.299999,53.52,52.849998,53.389999,48.269299,2672500
2/22/2019,54.23,54.509998,54.09,54.299999,49.092018,1230400
2/25/2019,54,54.299999,53.849998,54.16,48.965446,1826700
2/26/2019,54.23,54.689999,54.200001,54.48,49.254761,1112300
2/27/2019,54.599998,54.73,54.240002,54.279999,49.073936,2031500
2/28/2019,53.139999,53.310001,52.849998,52.900002,47.826298,2418000
3/1/2019,53.009998,53.23,52.389999,52.509998,47.473701,4278800
3/4/2019,52.689999,52.889999,52.490002,52.790001,47.726852,1758900
3/5/2019,52.790001,53.009998,52.75,52.889999,47.817257,963000
3/6/2019,53.68,53.740002,53.09,53.23,48.124645,1677100
3/7/2019,52.009998,52.110001,51.639999,51.889999,47.903084,1854300
3/8/2019,51.110001,51.689999,51.009998,51.650002,47.68153,1464100
3/11/2019,51.970001,52.200001,51.849998,52.130001,48.124649,1270300
3/12/2019,52.220001,52.490002,52.119999,52.279999,48.263119,1238900
3/13/2019,53.009998,53.119999,52.619999,52.810001,48.752399,1127200
3/14/2019,52.360001,52.470001,52.16,52.200001,48.18927,1983200
3/15/2019,51.880001,52.16,51.810001,52.119999,48.115417,2218900
3/18/2019,52.779999,53.139999,52.689999,53.02,48.946266,1555200
3/19/2019,54.02,54.02,52.68,52.84,48.78009,4168000
3/20/2019,52.689999,53.740002,52.310001,53.389999,49.287834,3330600
3/21/2019,53.509998,53.77,53.029999,53.689999,49.564785,2531500
3/22/2019,52.939999,53.200001,52.220001,52.25,48.235428,2267600
3/25/2019,52.389999,53.040001,52.34,52.709999,48.66008,2104300
3/26/2019,53.439999,53.669998,53.310001,53.5,49.389385,2615100
3/27/2019,53.830002,53.959999,53.389999,53.860001,49.721729,2869700
3/28/2019,53.959999,54.119999,53.73,54.009998,49.860195,1793300
3/29/2019,54.779999,54.950001,54.369999,54.669998,50.46949,2938200
4/1/2019,56.220001,56.389999,55.91,56,51.697296,3708800
4/2/2019,56.009998,56.18,55.84,56.110001,51.798847,3068900
4/3/2019,56.84,56.889999,56.16,56.299999,51.974251,3470300
4/4/2019,56.029999,56.23,55.759998,56.18,51.863472,1759000
4/5/2019,56.349998,56.59,56.16,56.330002,52.001949,1208200
4/8/2019,56.919998,57.16,56.689999,57.130001,52.740479,1468900
4/9/2019,56.84,56.990002,56.43,56.509998,52.168114,1197100
4/10/2019,56.869999,57.25,56.73,57,52.620468,1633900
4/11/2019,56.389999,56.630001,56.119999,56.349998,52.020405,851200
4/12/2019,57.029999,57.169998,56.73,56.830002,52.463528,1440000
4/15/2019,56.189999,56.400002,55.959999,56.02,51.715763,1222700
4/16/2019,56.07,56.18,55.07,55.369999,51.115707,2713700
4/17/2019,54.950001,55.189999,54.48,55.119999,50.884911,1964600
4/18/2019,54.830002,55,54.669998,54.950001,50.727978,1137400
4/22/2019,54.68,55.240002,54.66,55.130001,50.894146,1408000
4/23/2019,54.400002,54.889999,54.209999,54.68,50.478722,1650700
4/24/2019,54.09,54.09,53.240002,53.299999,49.20475,1499300
4/25/2019,53.169998,53.5,52.860001,53.349998,49.250908,1345600
4/26/2019,53.200001,53.509998,53.110001,53.279999,49.186287,1181700
4/29/2019,53.310001,53.389999,53.130001,53.34,49.241676,939800
4/30/2019,53.139999,53.200001,52.91,52.950001,48.881645,1227200
5/1/2019,53.099998,53.16,51.860001,51.919998,47.930779,3073800
5/2/2019,51.639999,52.060001,51.580002,51.720001,47.746151,1467900
5/3/2019,52.299999,52.91,52.259998,52.810001,48.752399,1574700
5/6/2019,51.130001,51.970001,51.080002,51.900002,47.912319,1578700
5/7/2019,52.07,52.130001,51.400002,51.889999,47.903084,1399900
5/8/2019,51.299999,51.950001,51.25,51.779999,47.801537,1604700
5/9/2019,51,51.57,50.75,51.450001,47.496899,1374400
5/10/2019,51.400002,52.09,51.119999,51.869999,47.884621,1322400
5/13/2019,50.889999,51.02,50.209999,50.650002,46.758362,2349700
5/14/2019,51.240002,51.419998,50.970001,51.25,47.31226,1360500
5/15/2019,50.599998,51.490002,50.529999,51.419998,47.469196,1497500
5/16/2019,51.59,52.41,51.59,52.040001,48.041565,1577600
5/17/2019,52.02,52.349998,51.919998,52.07,48.06926,2015300
5/20/2019,51.880001,52.43,51.790001,52.32,48.300049,3128300
5/21/2019,52.209999,52.389999,51.869999,52.34,48.318512,4709400
5/22/2019,52.099998,52.209999,51.66,51.759998,47.783073,1224700
5/23/2019,51.130001,51.439999,50.790001,51.279999,47.339954,1820200
5/24/2019,52.32,52.68,52.09,52.48,48.447758,2236300
5/28/2019,53.34,53.599998,53.150002,53.150002,49.06628,1700700
5/29/2019,52.130001,52.669998,52.080002,52.639999,48.595459,2183800
5/30/2019,52.68,52.779999,52.41,52.5,48.466217,1803600
5/31/2019,51.580002,52.150002,51.52,51.91,47.921551,2066600
6/3/2019,51.790001,52.5,51.75,52.380001,48.355438,2858700
6/4/2019,52.57,53.07,52.330002,53.009998,48.937035,1308700
6/5/2019,52.919998,53.099998,52.279999,52.380001,48.355438,2422900
6/6/2019,52.529999,52.849998,52.459999,52.720001,48.669315,2495400
6/7/2019,53,53.740002,52.900002,53.099998,49.020119,2168200
6/10/2019,53.639999,53.830002,53.169998,53.330002,49.232449,2803000
6/11/2019,54.900002,55.169998,54.759998,55.049999,50.82029,3909800
6/12/2019,54.970001,55.48,54.779999,54.779999,50.571037,1798800
6/13/2019,55.400002,55.59,55.209999,55.470001,51.208023,1788800
6/14/2019,54.919998,55.110001,54.720001,54.970001,50.746437,1189700
6/17/2019,55.040001,55.139999,54.84,54.849998,50.635658,814000
6/18/2019,55.790001,56.48,55.68,56.369999,52.038872,1405300
6/19/2019,55.650002,55.830002,55.16,55.73,51.448044,1681600
6/20/2019,57.029999,57.220001,56.52,57.09,52.703552,2529200
6/21/2019,56.900002,57.119999,56.59,56.599998,52.251198,1232800
6/24/2019,56.990002,57.380001,56.889999,57.34,52.934341,1450700
6/25/2019,57.669998,57.900002,57.060001,57.080002,52.694324,1619300
6/26/2019,57.560001,58.049999,57.380001,57.869999,53.423618,1365100
6/27/2019,58.27,58.419998,57.959999,58.209999,53.737495,1745000
6/28/2019,58.380001,58.490002,58.02,58.110001,53.645184,1210900
7/1/2019,58.919998,58.970001,58.189999,58.439999,53.949821,2038300
7/2/2019,58.759998,59.02,58.5,58.970001,54.439102,1296100
7/3/2019,58.790001,58.93,58.52,58.93,54.402176,1043400
7/5/2019,56.16,56.700001,55.82,56.610001,52.260429,2462400
7/8/2019,56.990002,57.490002,56.759998,57.189999,52.795868,1701700
7/9/2019,56.650002,56.919998,56.540001,56.869999,52.500454,1804400
7/10/2019,57.57,57.68,57.110001,57.439999,53.026657,1350100
7/11/2019,57.009998,57.259998,56.73,57.209999,52.814331,835000
7/12/2019,57.349998,57.470001,57.080002,57.240002,52.842026,1196100
7/15/2019,57.82,57.93,57.540001,57.849998,53.405155,708700
7/16/2019,57.48,58.060001,57.48,57.560001,53.13744,1447700
7/17/2019,58.009998,58.400002,57.990002,58.009998,53.55286,1705400
7/18/2019,57.639999,57.939999,57.349998,57.84,53.395927,1744200
7/19/2019,58.389999,58.689999,58.27,58.299999,53.82058,1151800
7/22/2019,58.619999,58.66,58.25,58.470001,53.977516,1225000
7/23/2019,58.779999,58.880001,58.119999,58.380001,53.894436,1248400
7/24/2019,56.150002,56.580002,56.119999,56.34,52.011177,1835800
7/25/2019,56.290001,56.43,55.759998,56.110001,51.798847,1427800
7/26/2019,56.040001,56.150002,55.849998,56.130001,51.81731,1865300
7/29/2019,56.32,56.470001,56.060001,56.43,52.094261,1372800
7/30/2019,56.07,56.419998,55.77,56.259998,51.937325,1480100
7/31/2019,55.77,56.02,54.32,54.93,50.709511,2805000
8/1/2019,53.73,54.369999,52.630001,52.93,48.863182,3801500
8/2/2019,52.299999,52.48,51.759998,52.049999,48.050797,2117800
8/5/2019,50.630001,50.860001,50.18,50.43,46.555264,3337900
8/6/2019,50.73,50.869999,49.830002,50.220001,46.361397,1460800
8/7/2019,49,49.93,48.939999,49.889999,46.056755,2163300
8/8/2019,50.43,51.240002,50.259998,51,47.081467,1706200
8/9/2019,50.419998,50.549999,49.689999,49.98,46.139839,2137700
8/12/2019,49.950001,50.150002,49.459999,49.540001,45.733646,1129800
8/13/2019,49.580002,50.779999,49.439999,50.650002,46.758362,3248000
8/14/2019,49.400002,49.700001,49.150002,49.169998,45.392075,2255000
8/15/2019,49.240002,49.419998,48.779999,49.299999,45.512085,1912900
8/16/2019,48.93,49.080002,48.619999,48.810001,45.059738,2329400
8/19/2019,49.290001,49.450001,49.07,49.139999,45.36438,1906400
8/20/2019,48.41,48.560001,48.07,48.43,44.708931,2285800
8/21/2019,48,48.130001,47.470001,47.610001,43.951935,2522300
8/22/2019,47.860001,48.009998,47.240002,47.25,43.619598,2154400
8/23/2019,47.43,47.84,46.610001,46.689999,43.102623,3230200
8/26/2019,47.119999,47.389999,46.869999,47.220001,43.591904,1628300
8/27/2019,47.369999,47.509998,46.860001,47.139999,43.518047,1764000
8/28/2019,47.32,48.110001,47.27,47.810001,44.13657,2681300
8/29/2019,48.470001,48.599998,48.080002,48.139999,44.441216,1135300
8/30/2019,49.02,49.32,48.880001,49.16,45.382843,2063900
9/3/2019,48.209999,48.790001,48.209999,48.73,44.985878,1585000
9/4/2019,49.849998,50.509998,49.810001,50.41,46.536804,2508000
9/5/2019,48.84,49.330002,48.720001,49.310001,46.975021,1985800
9/6/2019,49.34,49.450001,49.09,49.16,46.832123,1694700
9/9/2019,49.18,49.759998,49.18,49.75,47.394184,1654300
9/10/2019,49.580002,50.360001,49.5,50.360001,47.975296,2031900
9/11/2019,50.400002,50.580002,50.150002,50.580002,48.184883,1465500
9/12/2019,50.860001,51.18,50.610001,50.959999,48.546886,1509000
9/13/2019,52.299999,52.389999,51.75,51.919998,49.461426,2741700
9/16/2019,51.970001,52.310001,51.790001,52.040001,49.575748,2389600
9/17/2019,51.549999,51.66,51.240002,51.580002,49.137531,1345200
9/18/2019,51.240002,51.52,50.75,51.189999,48.765991,1487300
9/19/2019,51.290001,51.610001,51.25,51.349998,48.918419,1200700
9/20/2019,51.23,51.43,50.900002,50.990002,48.575466,1430000
9/23/2019,50.09,50.720001,49.970001,50.599998,48.203934,1711000
9/24/2019,49.509998,49.619999,48.959999,49.209999,46.879753,3504900
9/25/2019,49,49.73,48.919998,49.630001,47.279869,1921800
9/26/2019,49.900002,49.900002,49.43,49.48,47.136967,1178500
9/27/2019,49.689999,49.98,49.57,49.77,47.413239,1511500
9/30/2019,49.220001,49.59,49.18,49.380001,47.041706,1636300
10/1/2019,49.459999,49.540001,48.93,49.009998,46.689224,1347100
10/2/2019,47.73,48.029999,47.34,47.68,45.422203,3097600
10/3/2019,46.950001,48.060001,46.84,47.869999,45.603207,2073600
10/4/2019,47.77,48.439999,47.650002,48.41,46.117638,1451500
10/7/2019,48.060001,48.419998,47.779999,47.799999,45.536522,1292700
10/8/2019,47.639999,47.75,47.400002,47.470001,45.222149,1475100
10/9/2019,47.619999,47.709999,47.16,47.540001,45.288834,1454500
10/10/2019,48.18,48.48,47.91,48.369999,46.079529,2121400
10/11/2019,49.369999,50.060001,49.369999,49.610001,47.260815,2765400
10/14/2019,48.77,48.91,48.59,48.619999,46.317692,1186400
10/15/2019,48.07,48.970001,47.939999,48.68,46.374851,2427700
10/16/2019,48.389999,48.580002,48.139999,48.169998,45.889,1314100
10/17/2019,48.34,48.34,47.639999,47.669998,45.412678,1369400
10/18/2019,48.119999,48.130001,47.52,47.529999,45.279308,1171900
10/21/2019,48.490002,48.529999,48.18,48.380001,46.089058,1136500
10/22/2019,48.48,48.740002,48.27,48.560001,46.260536,1411500
10/23/2019,49,49.07,48.799999,49.029999,46.708279,1095600
10/24/2019,49.259998,49.369999,48.700001,48.869999,46.555855,1285800
10/25/2019,48.830002,49.349998,48.709999,49.220001,46.889282,989900
10/28/2019,49.849998,50.040001,49.740002,49.889999,47.527554,1809500
10/29/2019,49.740002,49.93,49.619999,49.720001,47.365608,1033500
10/30/2019,49.259998,49.369999,48.77,49.369999,47.032177,1539700
10/31/2019,49.099998,49.209999,48.630001,48.91,46.593964,1355900
11/1/2019,49.25,50.119999,49.18,49.990002,47.622822,1766400
11/4/2019,50.990002,51.27,50.790001,50.91,48.499252,1666400
11/5/2019,52.209999,52.349998,51.779999,51.849998,49.394741,3438200
11/6/2019,52.110001,52.110001,51.279999,51.400002,48.966053,2079800
11/7/2019,51.790001,51.880001,51.360001,51.470001,49.032738,1487600
11/8/2019,50.540001,50.889999,50.540001,50.790001,48.384937,1413900
11/11/2019,49.939999,50.41,49.700001,50.369999,47.984821,1896600
11/12/2019,50.380001,50.68,50.189999,50.32,47.937191,1774800
11/13/2019,49.720001,49.939999,49.549999,49.709999,47.356079,1455200
11/14/2019,49.799999,50.150002,49.700001,49.900002,47.537083,1562500
11/15/2019,50.389999,50.93,50.259998,50.889999,48.480202,2165700
11/18/2019,50.73,50.73,50.360001,50.650002,48.251568,1190600
11/19/2019,51.619999,51.740002,50.93,51.119999,48.699306,1513400
11/20/2019,50.32,50.610001,50.080002,50.220001,47.841927,1313400
11/21/2019,49.900002,50.41,49.650002,50.32,47.937191,1054200
11/22/2019,51.02,51.080002,50.689999,50.84,48.432568,1070500
11/25/2019,51.369999,51.580002,51.259998,51.459999,49.023209,1133500
11/26/2019,51.68,51.740002,51.369999,51.57,49.128002,1255800
11/27/2019,51.82,51.889999,51.439999,51.849998,49.394741,1084600
11/29/2019,51.25,51.59,51.18,51.529999,49.089893,997100
12/2/2019,51.470001,51.810001,51.389999,51.75,49.299477,1395400
12/3/2019,50.630001,50.880001,50.439999,50.790001,48.384937,1382000
12/4/2019,51.009998,51.470001,50.889999,51.419998,48.985104,987600
12/5/2019,51.130001,51.290001,50.759998,51.080002,48.661205,1013200
12/6/2019,51.84,51.98,51.709999,51.75,49.299477,1266500
12/9/2019,52.16,52.59,52.119999,52.27,49.794857,1242900
12/10/2019,52.18,52.639999,52.060001,52.59,50.099701,1736000
12/11/2019,52.68,53.380001,52.59,53.220001,50.699871,2014700
12/12/2019,53.02,53.900002,52.93,53.740002,51.195248,2176500
12/13/2019,54.400002,54.91,53.740002,54.16,51.595356,2203600
12/16/2019,55.779999,55.779999,55.16,55.189999,52.57658,1650000
12/17/2019,54.700001,55.43,54.669998,55.310001,52.690903,2290500
12/18/2019,54.830002,54.919998,54.650002,54.740002,52.147896,1135700
12/19/2019,54.639999,54.810001,54.43,54.630001,52.043102,920200
12/20/2019,54.900002,54.970001,54.330002,54.360001,51.785885,1092000
12/23/2019,54.32,54.57,54.220001,54.52,51.938313,989000
12/24/2019,54.68,54.709999,54.439999,54.459999,51.881149,371900
12/26/2019,54.700001,54.91,54.639999,54.810001,52.214581,656800
12/27/2019,55.189999,55.290001,54.900002,54.93,52.328896,746300
12/30/2019,54.900002,55.02,54.689999,54.720001,52.128841,716000
12/31/2019,54.66,54.799999,54.43,54.709999,52.119312,718900
1/2/2020,55.220001,55.27,54.779999,54.919998,52.319366,1233000
1/3/2020,54.240002,54.830002,54.200001,54.549999,51.966888,1078000
1/6/2020,54.389999,54.599998,54.369999,54.490002,51.909729,688300
1/7/2020,54.299999,54.700001,54.290001,54.490002,51.909729,904900
1/8/2020,54.700001,55,54.599998,54.759998,52.166943,1175600
1/9/2020,54.360001,54.450001,53.869999,54.240002,51.67157,1525900
1/10/2020,54.470001,54.630001,54.27,54.389999,51.814465,1064500
1/13/2020,54.299999,54.779999,54.099998,54.75,52.157421,1403200
1/14/2020,54.849998,55.25,54.759998,55.189999,52.57658,1756500
1/15/2020,54.689999,55.110001,54.650002,55.029999,52.424156,2706500
1/16/2020,55.619999,55.669998,55.130001,55.560001,52.929066,2688700
1/17/2020,56.700001,56.779999,56.220001,56.48,53.805496,1926600
1/21/2020,55.669998,55.919998,55.490002,55.580002,52.948116,2925000
1/22/2020,56.419998,56.639999,56.150002,56.34,53.672127,3100600
1/23/2020,55.220001,55.73,54.950001,55.639999,53.005276,4824700
1/24/2020,55.130001,55.330002,54.27,54.439999,51.862095,2448100
1/27/2020,52.639999,53.029999,52.599998,52.75,50.252125,3247600
1/28/2020,52.880001,53.25,52.48,53.009998,50.499813,1750400
1/29/2020,53.200001,53.290001,52.810001,52.919998,50.414074,1985800
1/30/2020,52.380001,53.029999,52.060001,52.98,50.471233,1778700
1/31/2020,52.060001,52.060001,51.009998,51.110001,48.689785,3706500
2/3/2020,50.959999,51.279999,50.66,50.779999,48.375408,2375900
2/4/2020,52.02,52.259998,51.830002,52.169998,49.699589,2428600
2/5/2020,52.98,53,52.459999,52.849998,50.347389,2568500
2/6/2020,52.689999,52.889999,52.369999,52.529999,50.042542,2951600
2/7/2020,51.349998,51.59,50.91,51.07,48.651676,2097600
2/10/2020,50.619999,51.07,50.57,51.060001,48.642151,2136900
2/11/2020,51.540001,51.759998,51.400002,51.52,49.080372,2075300
2/12/2020,52.549999,52.66,52.09,52.369999,49.890118,1958200
2/13/2020,52.049999,52.25,51.790001,52,49.53764,1887200
2/14/2020,52.099998,52.119999,51.32,51.689999,49.242317,2111000
2/18/2020,51.169998,51.650002,51.130001,51.560001,49.118477,2501800
2/19/2020,51.59,51.709999,51.279999,51.43,48.994633,2026100
2/20/2020,51.450001,51.450001,50.580002,50.639999,48.242039,1693700
2/21/2020,50.619999,50.669998,50.220001,50.41,48.022934,2098700
2/24/2020,47.5,48.099998,47.299999,47.869999,45.603207,3640000
2/25/2020,48.080002,48.080002,46.66,46.779999,44.564823,2003600
2/26/2020,46.900002,47.310001,46.43,46.439999,44.240921,2480600
2/27/2020,45.439999,46.009998,44.91,44.919998,42.7929,3515400
2/28/2020,42.779999,43.790001,42.57,43.310001,41.25914,5310800
3/2/2020,43.41,44.32,42.959999,44.25,42.154625,4770600
3/3/2020,44.91,45.439999,43.720001,43.939999,41.859306,5652000
3/4/2020,45.080002,45.82,44.759998,45.779999,43.612175,2785600
3/5/2020,43.310001,43.5,42.75,43.099998,42.259098,3400000
3/6/2020,41.639999,42.23,41.099998,41.75,40.93544,3986500
3/9/2020,35.139999,36.369999,34.52,34.869999,34.189671,5827500
3/10/2020,37.77,37.810001,36.349998,37.759998,37.023285,8259500
3/11/2020,36,36.439999,34.93,35.450001,34.758354,10381700
3/12/2020,31.629999,31.93,29.780001,30.93,30.326542,9929000
3/13/2020,34.060001,34.439999,31.82,34.290001,33.620987,9947900
3/16/2020,30.77,32.650002,30.16,31.549999,30.934444,9652200
3/17/2020,32.990002,35.220001,32.68,34.869999,34.189671,7322100
3/18/2020,31.9,33.07,30.059999,30.950001,30.346153,6422000
3/19/2020,31.459999,33.049999,30.58,32.349998,31.718836,6095300
3/20/2020,33.18,33.77,31.33,31.469999,30.856005,6989300
3/23/2020,31.73,32.84,31.35,31.719999,31.101128,6054500
3/24/2020,36.41,36.959999,35.259998,36.459999,35.74865,7786200
3/25/2020,37.740002,38.740002,36.810001,37.32,36.591869,6434100
3/26/2020,37.700001,38.139999,37.009998,37.849998,37.111526,4581800
3/27/2020,35.700001,36.52,35.41,35.59,34.895622,4014000
3/30/2020,36.900002,37.279999,36.32,37.049999,36.327137,3190300
3/31/2020,37.099998,38.02,36.389999,36.689999,35.974159,4877700
4/1/2020,36.34,37.130001,35.68,35.869999,35.170158,3714300
4/2/2020,37.130001,38.16,36.349998,37.900002,37.160557,4847300
4/3/2020,37.119999,37.849998,36.139999,36.59,35.876114,4072700
4/6/2020,38.580002,39.029999,38.200001,38.900002,38.141045,3551300
4/7/2020,40.279999,40.380001,38.490002,38.52,37.768459,3027900
4/8/2020,38.860001,39.380001,38.23,39.310001,38.543045,2620300
4/9/2020,39.389999,40.529999,39.029999,39.509998,38.73914,3232300
4/13/2020,39.790001,39.849998,39,39.610001,38.837193,2396000
4/14/2020,40.299999,40.689999,39.919998,40.360001,39.572559,2458500
4/15/2020,38.439999,38.639999,37.950001,38.41,37.660603,3444300
4/16/2020,38.869999,38.869999,38.009998,38.610001,37.856701,3068700
4/17/2020,39.91,40.119999,39.439999,40.02,39.239193,2759200
4/20/2020,38.950001,39.830002,38.66,38.77,38.01358,2498200
4/21/2020,37,37.66,36.540001,36.830002,36.111431,2304200
4/22/2020,37.650002,37.950001,37.459999,37.75,37.013481,2023100
4/23/2020,38.209999,39.23,38.200001,38.349998,37.601772,2915000
4/24/2020,39.209999,39.209999,38.490002,39.07,38.307728,1731500
4/27/2020,39.299999,39.68,39.099998,39.5,38.729336,1572900
4/28/2020,40.279999,40.5,39.82,39.939999,39.160751,2295300
4/29/2020,41.459999,42.27,41.299999,42.110001,41.288414,2986400
4/30/2020,41.07,41.279999,40.349998,40.68,39.886314,2734500
5/1/2020,38.830002,39.18,38.32,38.439999,37.690018,2679500
5/4/2020,38.470001,39.080002,38.389999,38.880001,38.121433,2608900
5/5/2020,39.560001,39.77,39.09,39.16,38.395969,2000400
5/6/2020,40.139999,40.25,39.369999,39.380001,38.611679,2887700
5/7/2020,40.630001,41.240002,40.41,40.439999,39.650997,2376900
5/8/2020,41.259998,41.459999,40.970001,41.419998,40.611874,1560900
5/11/2020,40.049999,40.419998,39.950001,40.299999,39.513729,1496000
5/12/2020,40.580002,40.720001,39.369999,39.41,38.641094,1949700
5/13/2020,40.049999,40.23,39.32,39.630001,38.856804,2340300
5/14/2020,38.950001,40.380001,38.650002,40.360001,39.572559,2637200
5/15/2020,41.310001,41.790001,41.02,41.349998,40.54324,2370900
5/18/2020,44.200001,44.970001,44.119999,44.790001,43.916126,4011200
5/19/2020,45,45.380001,44.810001,44.849998,43.974957,2914600
5/20/2020,45.740002,46.139999,45.52,45.860001,44.965252,1917800
5/21/2020,45.77,46.200001,45.41,45.540001,44.651497,1987300
5/22/2020,45.25,45.509998,44.959999,45.5,44.612274,1530400
5/26/2020,46.669998,46.700001,45.869999,45.93,45.033886,2429200
5/27/2020,46.529999,46.529999,45.720001,46.209999,45.308422,2082400
5/28/2020,46.790001,47.490002,46.389999,46.700001,45.788864,2368800
5/29/2020,46.740002,47.259998,46.52,47.099998,46.181057,3577800
6/1/2020,47.34,48.310001,47.169998,48.25,47.30862,2176700
6/2/2020,48.880001,49.919998,48.689999,49.77,48.798965,2864000
6/3/2020,50,50.860001,49.950001,50.48,49.495113,1680700
6/4/2020,50.150002,50.5,49.889999,50.400002,49.416676,1595400
6/5/2020,51.48,52.25,51.330002,51.450001,50.44619,1924300
6/8/2020,52.470001,52.73,51.880001,52.68,51.652191,1904000
6/9/2020,51.560001,52.57,51.25,52.279999,51.259991,1648200
6/10/2020,52.32,52.860001,51.919998,52.459999,51.436481,1891900
6/11/2020,50.400002,50.580002,48.57,48.669998,47.720425,2517300
6/12/2020,50.470001,50.75,49.27,50.009998,49.034283,3171800
6/15/2020,48.25,49.580002,47.919998,49.349998,48.387157,2316800
6/16/2020,50.799999,50.810001,49.299999,50.049999,49.073502,2008900
6/17/2020,49.869999,50.18,49.529999,49.639999,48.671501,1337800
6/18/2020,48.27,49.150002,48.25,49.02,48.063599,1616100
6/19/2020,48.529999,48.790001,47.82,47.959999,47.024277,2277300
6/22/2020,48.740002,49.16,48.529999,49.110001,48.151844,1200200
6/23/2020,49.880001,50.490002,49.759998,49.82,48.847988,1949500
6/24/2020,49.060001,49.240002,48.259998,48.41,47.4655,2118000
6/25/2020,48.57,49.439999,48.419998,49.41,48.445988,1932100
6/26/2020,49.279999,49.32,48.459999,48.540001,47.592964,1797500
6/29/2020,48.889999,49.040001,48.48,48.98,48.024376,1730100
6/30/2020,48.68,49.880001,48.619999,49.73,48.759747,1772400
7/1/2020,49.48,49.75,49.040001,49.450001,48.48521,2012200
7/2/2020,50.360001,50.759998,50.07,50.07,49.093113,1843100
7/6/2020,50.02,50.450001,49.919998,50.43,49.446087,1355900
7/7/2020,50,50.689999,49.869999,49.919998,48.946037,1676100
7/8/2020,50.34,51.220001,50.34,51.110001,50.112823,2386400
7/9/2020,51.189999,51.349998,50.150002,50.5,49.514721,1638500
7/10/2020,50.720001,51.130001,50.310001,51.07,50.073601,1620800
7/13/2020,51.889999,52.080002,50.759998,50.77,49.779453,1927800
7/14/2020,51.150002,52.52,51.09,52.360001,51.338432,2438600
7/15/2020,53.689999,53.779999,52.650002,53.080002,52.044388,3301700
7/16/2020,52.720001,53.009998,52.610001,52.950001,51.916924,1816400
7/17/2020,53.41,53.990002,53.299999,53.84,52.789558,2035900
7/20/2020,53.639999,54.169998,53.549999,53.59,52.544434,1981700
7/21/2020,53.009998,53.5,52.68,53.32,52.279701,2832200
7/22/2020,52.57,53.23,52.57,53.189999,52.152237,2652400
7/23/2020,53.060001,53.290001,52.5,52.709999,51.681602,1620500
7/24/2020,52.459999,52.799999,52.169998,52.610001,51.583557,1793700
7/27/2020,53.41,54.450001,53.330002,54.389999,53.328827,2264900
7/28/2020,53.369999,53.73,53.32,53.52,52.4758,1943300
7/29/2020,53.380001,54.400002,53.310001,54.259998,53.201363,1921100
7/30/2020,52.709999,53.27,52.240002,53.150002,52.113022,2137200
7/31/2020,52.869999,52.950001,52.369999,52.84,51.809067,1643900
8/3/2020,53.48,53.709999,53.25,53.689999,52.642483,1302200
8/4/2020,53.32,54.169998,53.32,54.16,53.103313,1510800
8/5/2020,55.73,56.689999,55.650002,56.02,54.927025,2103900
8/6/2020,56.599998,56.91,56.330002,56.84,55.731026,2219900
8/7/2020,55.970001,55.98,55.389999,55.889999,54.799561,2314400
8/10/2020,56.73,57.400002,56.610001,57.16,56.044785,2144300
8/11/2020,57.849998,57.93,56.689999,56.830002,55.721222,2974100
8/12/2020,57.599998,58.349998,57.299999,57.459999,56.338928,2226500
8/13/2020,57.400002,57.68,56.77,57.029999,55.917316,1209800
8/14/2020,57.099998,57.290001,56.779999,56.990002,55.878101,1122400
8/17/2020,57.849998,58.32,57.810001,57.98,56.848785,1355600
8/18/2020,57.799999,57.880001,56.639999,56.900002,55.789856,1940700
8/19/2020,56.77,57.060001,55.669998,55.779999,54.691708,1511800
8/20/2020,55.080002,55.75,54.810001,55.740002,54.652489,1464900
8/21/2020,54.400002,54.869999,54.310001,54.509998,53.446484,2049400
8/24/2020,55.619999,55.639999,55,55.290001,54.211269,1128100
8/25/2020,55.029999,55.029999,54.27,54.720001,53.65239,1338000
8/26/2020,54.549999,55.34,54.5,55.16,54.083805,1090000
8/27/2020,55.889999,55.919998,54.599998,55.040001,53.966145,2129700
8/28/2020,55.43,55.849998,55.07,55.830002,54.740734,1484500
8/31/2020,55.130001,55.419998,54.990002,55.060001,53.985756,1749700
9/1/2020,56.139999,56.900002,55.669998,56.790001,55.682003,2077600
9/2/2020,56.91,56.950001,55.869999,56.380001,55.280003,1693800
9/3/2020,53.849998,53.970001,52.52,53.150002,53.150002,3057800
9/4/2020,53.709999,54,52.490002,53.709999,53.709999,2400600
9/8/2020,52.900002,53.799999,52.599998,53.049999,53.049999,2055100
9/9/2020,53.970001,54.48,53.919998,54.23,54.23,1821700
9/10/2020,53.84,54.099998,52.560001,52.639999,52.639999,2323700
9/11/2020,53.490002,54.5,53.299999,54.189999,54.189999,2695300
9/14/2020,54.779999,55.049999,54.490002,54.860001,54.860001,1675100
9/15/2020,55.950001,56.18,55.34,55.400002,55.400002,2108900
9/16/2020,56.48,56.580002,55.810001,55.880001,55.880001,2532200
9/17/2020,54.619999,55.650002,54.560001,55.490002,55.490002,3742700
9/18/2020,55.580002,55.849998,54.709999,54.709999,54.709999,2044400
9/21/2020,53.380001,53.459999,52.16,52.919998,52.919998,2537100
9/22/2020,53.060001,53.290001,52.240002,52.889999,52.889999,1257600
9/23/2020,52.98,53.119999,51.66,51.830002,51.830002,2184100
9/24/2020,52.150002,53.200001,51.810001,52.650002,52.650002,2000700
9/25/2020,51.93,52.43,51.66,52.389999,52.389999,2269500
9/28/2020,53.029999,53.18,52.580002,52.740002,52.740002,2069000
9/29/2020,52.080002,52.349998,51.43,51.599998,51.599998,2414500
9/30/2020,52.060001,52.060001,51.43,51.709999,51.709999,2039600
10/1/2020,51.860001,51.970001,51.029999,51.34,51.34,1914800
10/2/2020,50.630001,51.82,50.5,51.459999,51.459999,2200500
10/5/2020,51.759998,52.27,51.75,52.169998,52.169998,1517700
10/6/2020,51.860001,51.93,50.34,50.5,50.5,4617100
10/7/2020,51.400002,52.290001,51.32,51.939999,51.939999,2559800
10/8/2020,52.060001,52.529999,51.869999,52.52,52.52,2272900
10/9/2020,53.119999,53.18,52.68,52.869999,52.869999,1643700
10/12/2020,52.84,52.84,52.330002,52.5,52.5,1274200
10/13/2020,51.919998,52.240002,51.77,52.049999,52.049999,1664600
10/14/2020,52.07,52.459999,51.91,51.919998,51.919998,1964300
10/15/2020,50.990002,51.91,50.900002,51.810001,51.810001,1379300
10/16/2020,51.779999,51.98,51.52,51.650002,51.650002,1107900
10/19/2020,51.490002,51.93,50.59,50.610001,50.610001,1604000
10/20/2020,50.82,51.380001,50.75,51.200001,51.200001,2255000
10/21/2020,51.360001,52.07,51.34,51.349998,51.349998,1907300
10/22/2020,51.34,51.810001,51,51.73,51.73,2178300
10/23/2020,51.400002,51.549999,51.18,51.389999,51.389999,2158100
10/26/2020,50.869999,50.990002,49.939999,50.360001,50.360001,2195900
10/27/2020,49.450001,49.93,49.32,49.740002,49.740002,1876500
10/28/2020,48.18,48.419998,47.630001,47.700001,47.700001,3682400
10/29/2020,47.220001,48.279999,46.900002,48.110001,48.110001,2868200
10/30/2020,47.470001,48.150002,47.389999,48.110001,48.110001,3674300
11/2/2020,48.450001,48.470001,47.939999,48.09,48.09,2523100
11/3/2020,49.619999,49.700001,49.209999,49.549999,49.549999,1938300
11/4/2020,49.029999,49.279999,48.400002,48.849998,48.849998,3475000
11/5/2020,50.139999,50.599998,49.93,50.060001,50.060001,2577200
11/6/2020,51.150002,51.380001,50.84,51.060001,51.060001,2052700
11/9/2020,54.330002,54.419998,52.490002,53.099998,53.099998,2982600
11/10/2020,53.68,54.310001,53.560001,53.610001,53.610001,2122900
11/11/2020,53.720001,53.889999,53.34,53.540001,53.540001,1512400
11/12/2020,52.400002,52.84,51.900002,52.110001,52.110001,1388600
11/13/2020,52.459999,53.18,52.330002,52.950001,52.950001,1736500
11/16/2020,54.009998,54.150002,53.52,53.970001,53.970001,2109500
11/17/2020,53.540001,53.959999,53.290001,53.73,53.73,2305700
11/18/2020,53.939999,54.09,53.32,53.330002,53.330002,1642600
11/19/2020,52.889999,53.130001,52.52,53.080002,53.080002,1469300
11/20/2020,53.560001,53.830002,53.360001,53.700001,53.700001,1215400
11/23/2020,54.580002,55.169998,54.5,55.119999,55.119999,2272300
11/24/2020,56.849998,57.93,56.700001,57.849998,57.849998,3045600
11/25/2020,57,57.380001,56.59,57.32,57.32,1663900
11/27/2020,56.549999,57.290001,56.5,57.259998,57.259998,1245500
11/30/2020,56.919998,57.02,55.790001,55.790001,55.790001,2013100
12/1/2020,57.209999,57.98,57.189999,57.75,57.75,1690000
12/2/2020,59.380001,60.419998,59.209999,60.130001,60.130001,3689900
12/3/2020,61.43,62.209999,61.029999,61.59,61.59,2324800
12/4/2020,62.189999,63.290001,62.189999,63.060001,63.060001,2672800
12/7/2020,62.630001,62.990002,62.330002,62.529999,62.529999,1420000
12/8/2020,62.200001,63.139999,62.200001,63.009998,63.009998,1705900
12/9/2020,63.529999,63.75,62.400002,62.990002,62.990002,1999400
12/10/2020,63.52,65.110001,63.450001,64.75,64.75,2500600
12/11/2020,64.279999,64.900002,64.190002,64.519997,64.519997,1924300
12/14/2020,64.519997,64.669998,63.389999,63.400002,63.400002,2075100
12/15/2020,64.18,64.769997,63.970001,64.690002,64.690002,1941200
12/16/2020,64.760002,65.089996,64.389999,64.870003,64.870003,2525100
12/17/2020,66.269997,66.790001,66.050003,66.279999,66.279999,2282400
12/18/2020,65.940002,66.07,65.5,65.720001,65.720001,2378100
12/21/2020,64.18,65.699997,64.059998,65.580002,65.580002,2393900
12/22/2020,65.150002,65.389999,64.559998,64.629997,64.629997,1512800
12/23/2020,65.519997,66,65.269997,65.629997,65.629997,1606900
12/24/2020,65.980003,66.059998,64.940002,65.150002,65.150002,620100
12/28/2020,65.639999,65.970001,65.059998,65.290001,65.290001,813500
12/29/2020,66.400002,66.470001,65.529999,65.699997,65.699997,2032200
12/30/2020,66.099998,66.379997,65.760002,65.940002,65.940002,1354700
12/31/2020,65.519997,65.550003,65.120003,65.339996,65.339996,1524800
1/4/2021,68,68.260002,67.169998,67.349998,67.349998,2879100
1/5/2021,67.610001,69.93,67.589996,69.5,69.5,3479500
1/6/2021,71.400002,72.410004,70.900002,71.709999,71.709999,4844400
1/7/2021,72.709999,73.370003,72.269997,73.18,73.18,2740700
1/8/2021,73.709999,73.790001,72.389999,73.459999,73.459999,2778000
1/11/2021,70.790001,71.730003,70.620003,71.279999,71.279999,2343300
1/12/2021,71.410004,72.019997,70.980003,71.949997,71.949997,1483200
1/13/2021,71.93,71.93,70.949997,71.07,71.07,1607000
1/14/2021,72.480003,74.410004,72.449997,73.879997,73.879997,2291700
1/15/2021,71.790001,71.860001,70.339996,70.610001,70.610001,2089700
1/19/2021,70.68,71.779999,70.360001,71.440002,71.440002,3425200
1/20/2021,72.809998,73.209999,72.349998,72.779999,72.779999,2724600
1/21/2021,73.269997,73.269997,71.980003,72.330002,72.330002,2869100
1/22/2021,70.379997,71.989998,70.18,71.790001,71.790001,2106400
1/25/2021,70.610001,71.269997,70.269997,71.209999,71.209999,2275200
1/26/2021,71.489998,72.07,71.309998,71.800003,71.800003,1909400
1/27/2021,68.949997,70.800003,68.540001,69.139999,69.139999,6080400
1/28/2021,69.760002,70.279999,69.18,69.309998,69.309998,3655400
1/29/2021,68.330002,68.599998,66.580002,66.779999,66.779999,3952000
2/1/2021,68.830002,69.019997,67.510002,68.339996,68.339996,3176600
2/2/2021,67.169998,67.410004,66.510002,67.110001,67.110001,2594400
2/3/2021,66.970001,67.290001,66.470001,67.050003,67.050003,2608500
2/4/2021,66.730003,67.099998,66.410004,67,67,1618900
2/5/2021,67.440002,67.839996,66.900002,67.779999,67.779999,2356400
2/8/2021,68.849998,69.669998,68.809998,69.650002,69.650002,1935400
2/9/2021,69.18,69.919998,68.610001,69.68,69.68,2821500
2/10/2021,70.669998,70.790001,69.019997,69.809998,69.809998,2391600
2/11/2021,69.709999,70.050003,69.089996,69.720001,69.720001,2565700
2/12/2021,69.370003,70.599998,69.230003,70.379997,70.379997,1734400
2/16/2021,74.199997,76.199997,73.870003,75.480003,75.480003,4184400
2/17/2021,76.129997,76.129997,74.900002,75.57,75.57,1960100
2/18/2021,76.309998,76.309998,74.889999,75.800003,75.800003,2109500
2/19/2021,76.389999,76.720001,75.629997,76.110001,76.110001,2920600
2/22/2021,76.540001,78.269997,76.220001,77.550003,77.550003,2866300
2/23/2021,77.849998,78.699997,76.040001,78.650002,78.650002,3360800
2/24/2021,78.339996,79.949997,78.010002,79.739998,79.739998,2638300
2/25/2021,80.129997,80.489998,77.660004,78.040001,78.040001,2716900
2/26/2021,77.260002,77.510002,75.480003,75.910004,75.910004,3457000
3/1/2021,77.010002,79.07,77,78.760002,78.760002,2364500
3/2/2021,79,80.620003,78.970001,80.099998,80.099998,3196000
3/3/2021,79.769997,81.82,79.529999,81,81,3786400
3/4/2021,77.019997,77.57,74.980003,76,76,5918900
3/5/2021,75.540001,76.669998,74.300003,76.370003,76.370003,4320200
3/8/2021,75.690002,76.379997,75.279999,75.790001,75.790001,2949300
3/9/2021,75.029999,76.32,73.449997,75.629997,75.629997,5010200
3/10/2021,73.769997,74.260002,72.550003,72.970001,72.970001,3383500
3/11/2021,74,74.190002,73.550003,74.099998,74.099998,2075800
3/12/2021,73.279999,74.650002,72.910004,74.580002,74.580002,2343100
3/15/2021,73.019997,73.519997,72.290001,73.050003,73.050003,2491900
3/16/2021,72.760002,72.800003,71.720001,71.849998,71.849998,2290400
3/17/2021,70.900002,71.849998,70.440002,71.550003,71.550003,1901500
3/18/2021,71.529999,71.620003,69.82,69.889999,69.889999,1890100
3/19/2021,69.480003,69.610001,68.620003,68.830002,68.830002,2036800
3/22/2021,69.260002,69.370003,68.470001,69.169998,69.169998,1949100
3/23/2021,68.540001,68.989998,67.339996,67.529999,67.529999,2569900
3/24/2021,67.849998,68.650002,67.82,67.980003,67.980003,2325400
3/25/2021,67.410004,67.75,66.330002,67.660004,67.660004,2680100
3/26/2021,69.150002,70.400002,69,70.309998,70.309998,2206200
3/29/2021,69.959999,70.080002,69.169998,69.82,69.82,1799700
3/30/2021,69.459999,70.059998,68.900002,69.699997,69.699997,3778400
3/31/2021,69.580002,69.949997,69.370003,69.389999,69.389999,1940600
4/1/2021,69.769997,69.769997,68.510002,69.540001,69.540001,2075400
4/5/2021,70.339996,71.580002,70.290001,71.139999,71.139999,1367200
4/6/2021,71.080002,71.110001,69.709999,69.870003,69.870003,1509400
4/7/2021,70.769997,71.580002,70.559998,71.150002,71.150002,2127400
4/8/2021,71.169998,71.25,70.620003,71.230003,71.230003,1157000
4/9/2021,70.639999,70.959999,70.150002,70.730003,70.730003,1744600
4/12/2021,70.32,70.349998,69.650002,70.019997,70.019997,1435100
4/13/2021,70.489998,70.519997,69.760002,70.269997,70.269997,1361600
4/14/2021,71.150002,73.019997,71.080002,72.709999,72.709999,2466000
4/15/2021,73.709999,74.290001,73.330002,74.07,74.07,2394700
4/16/2021,74.5,74.510002,73.330002,73.75,73.75,1507500
4/19/2021,74.309998,74.959999,73.790001,74.120003,74.120003,1443600
4/20/2021,73.989998,74.059998,72.080002,72.459999,72.459999,1593100
4/21/2021,71.900002,74.050003,71.650002,73.940002,73.940002,2950800
4/22/2021,73.110001,73.129997,72.260002,72.580002,72.580002,2669300
4/23/2021,73.639999,74.949997,73.199997,74.68,74.68,1703600
4/26/2021,75.269997,75.919998,75.050003,75.68,75.68,2152900
4/27/2021,74.709999,74.970001,74.32,74.580002,74.580002,2043900
4/28/2021,74.529999,76.110001,74.43,75.730003,75.730003,1363900
4/29/2021,75.910004,75.989998,74.07,74.769997,74.769997,2455600
4/30/2021,74.029999,74.400002,72.669998,72.760002,72.760002,2202100
5/3/2021,73.43,74.300003,73.309998,74.110001,74.110001,1143000
5/4/2021,74.400002,74.589996,73.43,74.57,74.57,1249000
5/5/2021,76.129997,77.400002,75.870003,77.199997,77.199997,1899900
5/6/2021,77.160004,78.449997,76.830002,78.370003,78.370003,1804200
5/7/2021,78.669998,79.540001,78.010002,79.379997,79.379997,2322700
5/10/2021,81.519997,82.07,80.75,80.830002,80.830002,2709500
5/11/2021,79.459999,80.970001,78.830002,80.699997,80.699997,2363800
5/12/2021,79.830002,81.029999,78.730003,79.050003,79.050003,2445800
5/13/2021,77.419998,78.370003,76.639999,77.669998,77.669998,2256100
5/14/2021,76.75,77.669998,76.559998,77.470001,77.470001,2198900
5/17/2021,77.169998,78.809998,76.980003,78.699997,78.699997,2158600
5/18/2021,79.089996,79.169998,77.18,77.5,77.5,1862600
5/19/2021,74.93,75.230003,73.650002,74.099998,74.099998,2830600
5/20/2021,74,74.290001,73.480003,74.099998,74.099998,1955400
5/21/2021,74.57,74.580002,73.139999,73.360001,73.360001,1481900
5/24/2021,72.93,73.300003,72.57,73.050003,73.050003,1354700
5/25/2021,72.5,72.599998,71.730003,71.910004,71.910004,2046600
5/26/2021,71.910004,72.660004,71.739998,72.459999,72.459999,2221800
5/27/2021,74.5,74.919998,73.93,74.239998,74.239998,1682700
5/28/2021,73.919998,74.379997,73.709999,74.110001,74.110001,1116900
6/1/2021,76.129997,76.580002,75.830002,76.300003,76.300003,1974200
6/2/2021,75.980003,76.32,75.589996,76.25,76.25,1339400
6/3/2021,75.18,75.18,74.400002,74.949997,74.949997,1166300
6/4/2021,76,76.309998,75.330002,76.120003,76.120003,1000200
6/7/2021,75.739998,75.830002,74.519997,74.830002,74.830002,1059300
6/8/2021,75.529999,76.470001,74.739998,76.010002,76.010002,1671400
6/9/2021,74.860001,74.959999,74.150002,74.419998,74.419998,1791100
6/10/2021,74.620003,75.400002,74.540001,75.25,75.25,1540200
6/11/2021,76.040001,76.25,75.540001,75.870003,75.870003,1006200
6/14/2021,75.629997,75.970001,75.389999,75.489998,75.489998,1330700
6/15/2021,74.730003,75.080002,74.18,74.919998,74.919998,2263200
6/16/2021,74.160004,74.769997,73.400002,73.82,73.82,1953600
6/17/2021,72.300003,72.800003,70.239998,70.5,70.5,3355800
6/18/2021,70,70.18,68.540001,68.540001,68.540001,2438700
6/21/2021,69.599998,70.610001,69.449997,70.43,70.43,1509000
6/22/2021,70.550003,71.400002,69.919998,71.279999,71.279999,1723100
6/23/2021,72.080002,72.5,71.519997,71.620003,71.620003,1283300
6/24/2021,72.389999,72.870003,71.970001,72.790001,72.790001,986300
6/25/2021,73.559998,73.769997,73.220001,73.230003,73.230003,1004500
6/28/2021,73.580002,73.849998,72.330002,72.809998,72.809998,1440400
6/29/2021,73.190002,73.449997,72.629997,72.82,72.82,924800
6/30/2021,72.68,73.040001,72.019997,72.830002,72.830002,1177700
7/1/2021,73.220001,73.489998,72.029999,72.410004,72.410004,996300
7/2/2021,72.440002,72.980003,72,72.959999,72.959999,882900
7/6/2021,73.68,73.769997,71.809998,72.279999,72.279999,1225900
7/7/2021,73.75,74.360001,73.18,74.029999,74.029999,1515200
7/8/2021,72.599998,73.779999,72.290001,73.5,73.5,1500100
7/9/2021,74.919998,76.889999,74.529999,76.480003,76.480003,2609600
7/12/2021,75.75,76.739998,75.459999,76.510002,76.510002,996600
7/13/2021,75.769997,76.489998,75.660004,76.18,76.18,1062600
7/14/2021,77,77.239998,75.559998,76.059998,76.059998,2010700
7/15/2021,75.419998,76.709999,75.290001,76.349998,76.349998,1312000
7/16/2021,75.910004,75.910004,74.139999,74.379997,74.379997,1729800
7/19/2021,72.489998,72.959999,72.019997,72.339996,72.339996,1973600
7/20/2021,72.669998,74.25,72.25,73.830002,73.830002,1756200
7/21/2021,75.029999,75.860001,74.900002,75.739998,75.739998,1722100
7/22/2021,76,76.099998,74.910004,75.629997,75.629997,1004800
7/23/2021,76.32,76.589996,75.389999,76.43,76.43,1062100
7/26/2021,77.510002,79.160004,77.5,79.029999,79.029999,2128100
7/27/2021,77.800003,78.720001,77.050003,78.029999,78.029999,2086200
7/28/2021,77.980003,79.339996,77.690002,79.110001,79.110001,1576500
7/29/2021,80.309998,80.5,79.940002,80.239998,80.239998,2349200
7/30/2021,78.900002,79.489998,78.080002,78.559998,78.559998,1233400
8/2/2021,79.709999,79.879997,78.349998,78.410004,78.410004,1356600
8/3/2021,78.800003,80.019997,78.25,79.730003,79.730003,1702400
8/4/2021,79.800003,80.300003,79.019997,79.019997,79.019997,1509800
8/5/2021,77.400002,77.629997,76.709999,77.019997,77.019997,1988000
8/6/2021,77.269997,77.489998,76.400002,76.720001,76.720001,1011800
8/9/2021,76.599998,76.809998,76.239998,76.540001,76.540001,979600
8/10/2021,76.010002,77.599998,75.919998,77.529999,77.529999,1692400
8/11/2021,77.519997,78,76.980003,77.870003,77.870003,973600
8/12/2021,76.839996,76.980003,76.339996,76.790001,76.790001,1452300
8/13/2021,77.220001,78.139999,77.099998,77.82,77.82,1379300
8/16/2021,76.300003,77.169998,75.120003,75.82,75.82,3317100
8/17/2021,70.860001,71.57,68.690002,69.830002,69.830002,11357900
8/18/2021,66.650002,66.720001,65.169998,65.470001,65.470001,8669400
8/19/2021,63.369999,63.959999,62.540001,62.84,62.84,7848500
8/20/2021,63.299999,63.630001,62.779999,63.599998,63.599998,4785500
8/23/2021,63.799999,64.489998,63.52,64.43,64.43,3126700
8/24/2021,64.349998,65.370003,64.349998,65.230003,65.230003,3074200
8/25/2021,65.5,66.010002,65.190002,65.830002,65.830002,3939900
8/26/2021,65.139999,65.419998,64.43,64.830002,64.830002,4452600
8/27/2021,65.349998,66.629997,65.349998,66.580002,66.580002,3198200
8/30/2021,67.669998,68.129997,67.010002,67.669998,67.669998,2214700
8/31/2021,66.669998,66.93,65.559998,66.139999,66.139999,3798100
9/1/2021,65.010002,65.550003,64.739998,65.279999,65.279999,3339700
9/2/2021,61.200001,62,61.200001,61.880001,61.880001,4839900
9/3/2021,62.48,63.27,62.119999,63.009998,63.009998,3366800
9/7/2021,62.200001,62.470001,61.650002,61.950001,61.950001,4133400
9/8/2021,61.549999,61.84,60.450001,61,61,4314300
9/9/2021,60.580002,60.860001,60.200001,60.43,60.43,3198200
9/10/2021,61.18,61.68,60.84,60.860001,60.860001,1701800
9/13/2021,61.41,61.560001,60.810001,61.09,61.09,3873100
9/14/2021,60.799999,60.900002,59.560001,59.82,59.82,4123700
9/15/2021,59.84,60.759998,59.75,60.32,60.32,4210300
9/16/2021,58.84,58.84,57.299999,58.110001,58.110001,3429900
9/17/2021,55.799999,56.119999,54.779999,55.540001,55.540001,6130400
9/20/2021,53.009998,54.110001,52.860001,54.040001,54.040001,5552700
9/21/2021,55,55.02,53.779999,54.540001,54.540001,3597800
9/22/2021,55.360001,55.619999,54.66,55,55,5402500
9/23/2021,55.220001,55.560001,54.669998,55.049999,55.049999,8466700
9/24/2021,54.450001,54.91,54.330002,54.529999,54.529999,4024600
9/27/2021,54.360001,55.220001,54.259998,55.07,55.07,4263900
9/28/2021,53.959999,54.150002,52.43,52.560001,52.560001,7263300
9/29/2021,52.77,53.279999,52.310001,52.619999,52.619999,5274100
9/30/2021,53.790001,54.209999,53.400002,53.52,53.52,3815900
10/1/2021,53.509998,53.799999,52.869999,53.549999,53.549999,2310000
10/4/2021,53.810001,54.200001,53.290001,53.360001,53.360001,2481000
10/5/2021,53.610001,53.68,52.68,53.290001,53.290001,2459600
10/6/2021,52.799999,53.77,52.43,53.75,53.75,3048200
10/7/2021,54.310001,54.98,54.189999,54.450001,54.450001,2669700
10/8/2021,55.150002,55.470001,54.73,55.060001,55.060001,2722900
10/11/2021,56.599998,56.970001,55.830002,55.84,55.84,3829500
10/12/2021,55.82,56.169998,55.599998,55.880001,55.880001,2988800
10/13/2021,55.360001,55.759998,55.040001,55.549999,55.549999,3208700
10/14/2021,56.860001,57.810001,56.799999,57.650002,57.650002,4182000
10/15/2021,58,58.07,57.310001,57.48,57.48,3425700
10/18/2021,57.490002,58.029999,56.82,58.009998,58.009998,3896900
10/19/2021,58.060001,58.459999,57.630001,58.080002,58.080002,3717200
10/20/2021,57.5,58.110001,57.09,58.009998,58.009998,3254500
10/21/2021,56.139999,56.150002,55.560001,55.93,55.93,3859400
10/22/2021,56.380001,56.950001,55.75,56.720001,56.720001,3448600
10/25/2021,57.07,57.689999,56.860001,57.439999,57.439999,3040000
10/26/2021,57.27,57.27,56.610001,56.900002,56.900002,2003400
10/27/2021,56.279999,56.439999,55.68,55.77,55.77,2667700
10/28/2021,56.009998,56.380001,55.779999,56.110001,56.110001,2360700
10/29/2021,55.380001,55.5,54.66,54.84,54.84,3408400
11/1/2021,54.82,55.02,54.459999,54.5,54.5,3582200
11/2/2021,53.099998,53.23,52.57,53.099998,53.099998,5373500
11/3/2021,53.439999,53.919998,52.98,53.720001,53.720001,3112400
11/4/2021,53.400002,53.459999,52.700001,53.18,53.18,4674500
11/5/2021,53.110001,53.5,52.990002,53.419998,53.419998,3010500
11/8/2021,53.73,54.740002,53.73,54.709999,54.709999,3025000
11/9/2021,54.18,54.330002,52.84,53.400002,53.400002,3092700
11/10/2021,53,53.349998,52.32,52.32,52.32,2312600
11/11/2021,54.380001,55.119999,54.220001,55.060001,55.060001,3561900
11/12/2021,54.5,54.849998,54.25,54.52,54.52,1852600
11/15/2021,53.84,53.919998,53.439999,53.740002,53.740002,3047100
11/16/2021,53.5,53.599998,52.669998,52.740002,52.740002,3187100
11/17/2021,52.709999,53.09,52.290001,52.32,52.32,2451700
11/18/2021,52.25,52.470001,51.880001,52.299999,52.299999,2226000
11/19/2021,52.509998,52.830002,52.23,52.360001,52.360001,2874600
11/22/2021,52.900002,54.5,52.650002,54.02,54.02,3539700
11/23/2021,54.77,55.610001,54.759998,55.529999,55.529999,3570100
11/24/2021,55.959999,56.34,55.299999,55.48,55.48,3521800
11/26/2021,53.419998,54.529999,53.279999,54.43,54.43,2270700
11/29/2021,55.459999,56.220001,55.23,55.959999,55.959999,3712800
11/30/2021,56.34,57.060001,55.700001,56.189999,56.189999,4542800
12/1/2021,56.450001,57.130001,55.240002,55.27,55.27,4068600
12/2/2021,56.400002,57.98,56.119999,57.66,57.66,6152700
12/3/2021,55.790001,56.200001,54,54.509998,54.509998,5440500
12/6/2021,55.93,56.099998,55.450001,55.830002,55.830002,4358000
12/7/2021,57.700001,58.639999,57.549999,57.84,57.84,4163100
12/8/2021,57.91,58.110001,57.439999,57.639999,57.639999,2423600
12/9/2021,56.970001,57.25,56.700001,57.060001,57.060001,2504000
12/10/2021,57.68,57.860001,56.959999,57.200001,57.200001,2574100
12/13/2021,58.02,58.130001,57.200001,57.630001,57.630001,2679300
12/14/2021,58.110001,58.630001,57.82,58.080002,58.080002,3089400
12/15/2021,58.110001,58.32,57.049999,58.259998,58.259998,3858100
12/16/2021,58.580002,58.970001,58.369999,58.450001,58.450001,2803700
12/17/2021,59.040001,59.09,58.169998,58.27,58.27,3672100
12/20/2021,57.880001,58.259998,57.369999,58.220001,58.220001,3065500
12/21/2021,58.860001,59.77,58.82,59.709999,59.709999,4890900
12/22/2021,58.91,59.34,58.060001,59.25,59.25,3356500
12/23/2021,59.610001,60.209999,59.419998,59.919998,59.919998,2307100
12/27/2021,59.900002,60.299999,59.389999,60.290001,60.290001,1492900
12/28/2021,59.93,60.25,59.43,59.619999,59.619999,1785700
12/29/2021,60.259998,60.830002,60.130001,60.209999,60.209999,2231400
12/30/2021,60.799999,60.959999,60.220001,60.259998,60.259998,2057600
12/31/2021,60.130001,60.529999,60.040001,60.349998,60.349998,1231400
1/3/2022,60.59,60.779999,60.139999,60.34,60.34,1584400
1/4/2022,60.529999,61.639999,60.439999,61.32,61.32,3321300
1/5/2022,61.740002,62.98,61.720001,62.049999,62.049999,6382600
1/6/2022,62.279999,62.639999,61.400002,62.119999,62.119999,2926300
1/7/2022,62.889999,64.370003,62.810001,64.360001,64.360001,3727400
1/10/2022,63.139999,63.450001,62.200001,63.150002,63.150002,4356900
1/11/2022,63,64.610001,62.459999,64.489998,64.489998,4215000
1/12/2022,67,67.220001,66.099998,67.150002,67.150002,4599500
1/13/2022,67,67.519997,66.800003,67.099998,67.099998,5200900
1/14/2022,66.25,67.230003,66.089996,66.970001,66.970001,5378500
1/18/2022,66.870003,67.540001,66.080002,66.449997,66.449997,6245200
1/19/2022,67.800003,68.790001,67.650002,68.480003,68.480003,4511700
1/20/2022,68.489998,69.559998,67.919998,68.029999,68.029999,8650500
1/21/2022,65.709999,66.089996,64.949997,64.970001,64.970001,9529000
1/24/2022,63.23,64.629997,62.220001,64.610001,64.610001,7971700
